0,0,0,0,0,0,0,0,0,0,0,0,0,0,0,0,0,0,0,0,0
0,0.997208678,0.993599947,0.990782137,0.98874528,0.987323342,0.986371584,0.985780571,0.98546842,0.985529064,0.986199759,0.987106783,0.988023828,0.988757241,0.98927481,0.989626491,0.989867065,0.990036704,0.990162892,0.990265353,0.99035838
0,0.99615141,0.989287878,0.98241985,0.976401227,0.971416367,0.967433743,0.964355564,0.962069182,0.960871751,0.961468826,0.962947032,0.964689769,0.966107465,0.967042941,0.967589297,0.967873757,0.967994751,0.968022202,0.968009216,0.967997099
0,0.995662581,0.986844058,0.976970148,0.967486257,0.958976304,0.951640346,0.945504139,0.940513894,0.937209735,0.936797714,0.937961792,0.939756852,0.941203842,0.941989555,0.942220231,0.942076493,0.941704135,0.941210083,0.94067988,0.940184577
0,0.99538257,0.98529855,0.973257,0.961048275,0.949560748,0.939210094,0.930162177,0.922449397,0.916839038,0.914982897,0.915291834,0.916581779,0.917553054,0.917748075,0.917271364,0.916340721,0.915137601,0.913798525,0.912437609,0.911155006
0,0.995201385,0.984237965,0.970588249,0.956245943,0.942319295,0.929400216,0.917781209,0.90758065,0.899760728,0.896345526,0.895558278,0.896044693,0.896253894,0.895607635,0.894203934,0.892287399,0.890066531,0.887701332,0.885330387,0.883080831
0,0.995074624,0.983466427,0.968584655,0.952546536,0.936620344,0.921538523,0.907701466,0.895305077,0.885474501,0.88053893,0.878587609,0.878143013,0.877458855,0.875859573,0.873436286,0.870453972,0.867142187,0.863679772,0.860226098,0.856932584
0,0.994980991,0.982880445,0.967027736,0.949617103,0.93203582,0.915128798,0.899387116,0.885074383,0.873451561,0.867097749,0.864002493,0.86259665,0.860980723,0.858401401,0.854944055,0.850889919,0.846485415,0.841924744,0.837384936,0.833038924
0,0.99490901,0.982420478,0.965784247,0.947243423,0.928275856,0.909817557,0.892435962,0.876453334,0.863244464,0.855594546,0.851416175,0.849070199,0.846535415,0.842996309,0.838534022,0.833443282,0.827984376,0.822364242,0.816774979,0.81140845
0,0.994851954,0.982049927,0.964768756,0.945282784,0.925140332,0.905352245,0.886550716,0.869108869,0.854497748,0.845674148,0.840489414,0.837249521,0.833835212,0.829380891,0.823964905,0.817893529,0.811438704,0.804818101,0.798236764,0.791903178
0,0.99480562,0.981745081,0.96392412,0.943636941,0.922487783,0.901549818,0.881510644,0.862787707,0.846934221,0.837051351,0.830940441,0.826863483,0.822621118,0.817307102,0.810998205,0.804010802,0.796626818,0.7890731,0.781565893,0.7743283
0,0.994767247,0.981489921,0.963210736,0.942236248,0.920215851,0.898275283,0.877149986,0.85729626,0.840338138,0.829499488,0.822539977,0.817685654,0.812670871,0.806556111,0.79941754,0.791580519,0.78333566,0.77491775,0.766552804,0.758476814
0,0.994734947,0.981273233,0.962600319,0.941030057,0.91824886,0.895427329,0.873342568,0.852485163,0.834540727,0.822838425,0.815102583,0.809529382,0.803797671,0.796940458,0.789034064,0.780411946,0.771372365,0.762157065,0.753000638,0.744150487
0,0.994707384,0.98108694,0.962072144,0.939980692,0.916529765,0.892928644,0.869991008,0.84823789,0.829408889,0.816924335,0.808478165,0.802241374,0.795845837,0.788301692,0.779685994,0.77033956,0.760567463,0.750617592,0.740732129,0.731168621
0,0.994683588,0.980925074,0.961610683,0.939059574,0.915014805,0.890719318,0.86701914,0.844462502,0.824836686,0.811641603,0.802544739,0.79569559,0.788685885,0.780506579,0.771235898,0.761221397,0.750774266,0.740147873,0.729591155,0.719370716
0,0.994662837,0.980783134,0.96120408,0.938244641,0.913669879,0.88875227,0.864366641,0.841085654,0.820738997,0.806896566,0.797202596,0.789788024,0.782209971,0.773443186,0.763567384,0.752936326,0.741866739,0.730616907,0.719441814,0.70861619
0,0.994644582,0.980657657,0.960843123,0.937518602,0.91246804,0.886990023,0.861985176,0.83804822,0.817046786,0.802612744,0.792369704,0.784432434,0.776327982,0.767017312,0.756581862,0.745381134,0.733736896,0.721911874,0.710166494,0.698782805
0,0.994628398,0.980545942,0.960520553,0.936867715,0.911387722,0.885402395,0.859835599,0.835302064,0.813703565,0.798727188,0.787978119,0.779556912,0.770964295,0.761149437,0.750195662,0.738467802,0.726292241,0.713935739,0.701663645,0.689764628
0,0.994613952,0.980445844,0.960230567,0.936280924,0.910411466,0.883964822,0.857885892,0.832807639,0.81066272,0.795187696,0.783971184,0.775101154,0.766055144,0.755772173,0.74433756,0.732121106,0.719453435,0.706604994,0.693845602,0.681469939
0,0.994600979,0.980355643,0.959968478,0.935749235,0.909524993,0.882657115,0.856109626,0.830532175,0.807885476,0.791950659,0.780301347,0.771014297,0.76154649,0.750828167,0.738946711,0.726276563,0.713152265,0.699847641,0.686636593,0.673819275
0,0.994589264,0.980273944,0.959730454,0.935265259,0.908716515,0.881462532,0.854484807,0.828448305,0.805339345,0.788979394,0.776928445,0.767253194,0.757392307,0.746268389,0.733970927,0.72087871,0.707329909,0.693601455,0.679970989,0.666743674
0,0.994578634,0.9801996,0.959513332,0.934822868,0.907976212,0.88036708,0.852992984,0.826533002,0.802996912,0.786242847,0.773818349,0.763781046,0.753553194,0.742050734,0.729365269,0.715879667,0.701935475,0.687812496,0.673791804,0.660183157
0,0.994568944,0.980131663,0.959314481,0.93441694,0.907295845,0.879358973,0.851618571,0.824766763,0.800834894,0.783714565,0.770941897,0.7605663,0.749995262,0.738138882,0.725090873,0.711237943,0.696924783,0.682433857,0.668049408,0.654085421
0,0.994560075,0.980069339,0.959131694,0.934043158,0.906668445,0.878428215,0.850348315,0.823132961,0.7988334,0.781371888,0.768274032,0.757581763,0.746689223,0.734501365,0.721113999,0.706917447,0.692259339,0.677424616,0.662700446,0.64840472
0,0.994551927,0.980011963,0.958963104,0.933697862,0.906088083,0.877566273,0.849170874,0.821617342,0.796975334,0.779195295,0.765793115,0.754803891,0.743609652,0.73111081,0.717405235,0.702886668,0.68790549,0.672748948,0.657706927,0.643100929
0,0.994544416,0.979958968,0.958807124,0.933377924,0.905549679,0.876765824,0.848076491,0.820207613,0.795245933,0.77716789,0.763480371,0.752212203,0.740734385,0.727943299,0.713938846,0.699117992,0.683833706,0.668375388,0.653035449,0.638138741
0,0.994537469,0.979909873,0.958662393,0.933080659,0.905048861,0.876020544,0.847056725,0.818893121,0.793632376,0.775274974,0.761319432,0.749788809,0.738044018,0.72497786,0.710692225,0.695587135,0.68001799,0.664276209,0.648656555,0.633486999
0,0.994531027,0.979864263,0.95852774,0.932803746,0.904581839,0.875324944,0.846104235,0.817664591,0.792123484,0.773503705,0.759295972,0.747518013,0.735521497,0.722196031,0.707645448,0.692272666,0.67643538,0.660426899,0.644544187,0.62911812
0,0.994525035,0.97982178,0.958402151,0.932545173,0.904145319,0.874674241,0.845212613,0.816513908,0.790709464,0.771842816,0.757397395,0.745385996,0.733151781,0.719581504,0.704780891,0.689155612,0.673065525,0.656805722,0.640675222,0.625007618
0,0.994519449,0.979782115,0.958284744,0.932303182,0.903736418,0.874064243,0.844376234,0.815433944,0.789381701,0.770282381,0.75561259,0.743380541,0.730921554,0.71711982,0.702082914,0.686219118,0.669890337,0.653393342,0.637029081,0.621133691
0,0.994514228,0.979744997,0.958174746,0.932076233,0.903352606,0.873491264,0.843590146,0.814418412,0.788132588,0.768813621,0.753931715,0.741490815,0.728818987,0.714798124,0.699537594,0.683448167,0.666893689,0.650172511,0.633587399,0.617476871
0,0.994509338,0.97971019,0.95807148,0.931862971,0.902991653,0.87295205,0.842849969,0.813461747,0.786955383,0.767428748,0.752346024,0.739707176,0.726833543,0.712604945,0.697132498,0.680829342,0.664061161,0.647127801,0.630333739,0.614019731
0,0.994504748,0.979677483,0.957974348,0.9316622,0.902651584,0.872443715,0.842151816,0.812559004,0.785844092,0.766120828,0.750847723,0.738021017,0.7249558,0.710530023,0.694856495,0.678350618,0.661379822,0.644245371,0.62725335,0.610746628
0,0.994500433,0.979646694,0.957882823,0.931472857,0.902330647,0.871963695,0.841492227,0.811705777,0.784793364,0.764883665,0.749429837,0.736424632,0.723177315,0.708564149,0.692699588,0.67600119,0.65883805,0.641512772,0.624332964,0.607643483
0,0.994496367,0.97961766,0.957796433,0.931293998,0.902027277,0.871509698,0.840868109,0.810898124,0.783798413,0.763711709,0.748086115,0.7349111,0.721490497,0.706699039,0.690652775,0.673771326,0.656425369,0.638918781,0.621560613,0.604697598
0,0.99449253,0.979590234,0.95771476,0.931124779,0.901740079,0.871079677,0.840276692,0.81013251,0.782854939,0.762599975,0.74681093,0.733474191,0.719888507,0.704927221,0.688707933,0.671652236,0.654132314,0.636453257,0.618925479,0.60189749
0,0.994488903,0.979564288,0.957637431,0.930964446,0.901467799,0.87067179,0.839715486,0.809405757,0.781959076,0.76154397,0.745599211,0.732108279,0.718365161,0.703241938,0.686857711,0.669635962,0.651950314,0.63410701,0.616417759,0.599232754
0,0.99448547,0.979539705,0.957564108,0.930812319,0.90120931,0.87028438,0.839182247,0.808714997,0.781107331,0.760539636,0.744446372,0.730808275,0.716914862,0.701637065,0.685095442,0.667715284,0.64987159,0.6318717,0.614028552,0.596693939
0,0.994482215,0.979516381,0.95749449,0.930667788,0.900963596,0.869915953,0.838674949,0.808057638,0.780296545,0.759583297,0.743348256,0.729569561,0.715532528,0.70010704,0.683415068,0.665883638,0.647889065,0.629739736,0.611749759,0.594272442
0,0.994479126,0.979494223,0.957428304,0.9305303,0.900729738,0.869565155,0.838191753,0.807431329,0.779523854,0.758671619,0.742301087,0.72838794,0.714213533,0.698646796,0.681811068,0.664135042,0.645996289,0.627704199,0.609573994,0.591960421
0,0.994476188,0.979473145,0.957365305,0.930399356,0.900506902,0.869230757,0.837730995,0.806833937,0.778786651,0.757801567,0.741301428,0.727259586,0.712953663,0.697251713,0.680278406,0.662464034,0.644187373,0.62575877,0.607494508,0.589750709
0,0.994473393,0.97945307,0.957305268,0.930274502,0.900294334,0.868911642,0.837291155,0.806263516,0.778082565,0.756970375,0.740346143,0.726181008,0.711749064,0.695917567,0.678812475,0.660865616,0.642456926,0.623897663,0.605505126,0.587636743
0,0.994470729,0.97943393,0.957247991,0.930155326,0.900091342,0.868606794,0.836870851,0.805718293,0.777409429,0.756175516,0.739432365,0.725149011,0.710596212,0.69464049,0.677409053,0.659335211,0.640800006,0.622115574,0.603600182,0.585612507
0,0.994468188,0.979415661,0.957193289,0.930041451,0.899897299,0.868315283,0.836468818,0.805196647,0.77676526,0.755414677,0.738557468,0.724160668,0.709491872,0.693416931,0.676064268,0.657868613,0.639212076,0.620407632,0.601774475,0.583672474
0,0.994465762,0.979398204,0.957140993,0.929932534,0.899711629,0.868036258,0.836083899,0.80469709,0.776148243,0.754685736,0.737719043,0.723213289,0.708433074,0.692243629,0.674774555,0.656461955,0.637688961,0.618769356,0.600023218,0.581811556
0,0.994463442,0.979381508,0.957090948,0.929828259,0.899533806,0.867768939,0.835715032,0.804218261,0.775556708,0.753986744,0.736914875,0.722304403,0.707417083,0.691117579,0.673536635,0.655111674,0.636226815,0.617196613,0.598341997,0.580025067
0,0.994461223,0.979365523,0.957043014,0.929728339,0.899363347,0.867512611,0.83536124,0.803758904,0.774989121,0.753315908,0.736142923,0.721431731,0.706441379,0.690036011,0.67234748,0.653814483,0.634822088,0.615685593,0.596726741,0.578308677
0,0.994459097,0.979350207,0.956997061,0.929632508,0.899199806,0.867266615,0.835021625,0.803317866,0.774444069,0.752671573,0.735401306,0.72059317,0.705503635,0.688996366,0.671204293,0.652567345,0.633471499,0.614232771,0.595173684,0.576658386
0,0.994457059,0.979335517,0.956952969,0.929540522,0.899042774,0.867030343,0.834695359,0.80289408,0.773920247,0.752052214,0.734688287,0.719786778,0.7046017,0.687996278,0.670104488,0.651367446,0.632172011,0.612834883,0.59367934,0.575070489
0,0.994455104,0.979321417,0.956910628,0.929452157,0.898891873,0.866803234,0.834381676,0.802486561,0.773416448,0.751456418,0.734002257,0.719010754,0.70373358,0.687033553,0.669045667,0.650212182,0.630920808,0.611488907,0.592240477,0.573541553
0,0.994453227,0.979307872,0.956869937,0.929367203,0.898746754,0.866584771,0.834079868,0.8020944,0.772931555,0.750882877,0.733341727,0.718263431,0.702897428,0.686106158,0.668025603,0.649099134,0.629715277,0.610192033,0.590854097,0.572068387
0,0.994451422,0.97929485,0.956830803,0.92928547,0.898607094,0.866374472,0.83378928,0.801716751,0.772464534,0.750330378,0.732705313,0.717543262,0.702091527,0.685212202,0.667042231,0.648026053,0.628552988,0.608941653,0.589517408,0.570648029
0,0.994449687,0.979282321,0.956793137,0.929206779,0.898472594,0.866171894,0.833509302,0.801352831,0.772014423,0.749797796,0.732091731,0.716848808,0.701314282,0.684349929,0.666093625,0.646990849,0.627431682,0.607735337,0.588227817,0.56927772
0,0.994448017,0.979270259,0.956756861,0.929130965,0.898342975,0.865976622,0.83323937,0.801001912,0.771580329,0.749284081,0.731499787,0.716178728,0.700564206,0.6835177,0.665177995,0.645991572,0.626349253,0.606570821,0.586982903,0.567954888
0,0.994446409,0.979258638,0.956721898,0.929057875,0.898217978,0.865788271,0.832978958,0.800663316,0.771161419,0.74878826,0.730928366,0.715531776,0.699839915,0.68271399,0.664293668,0.645026404,0.625303734,0.605445993,0.585780409,0.566677134
0,0.994444859,0.979247435,0.956688181,0.928987365,0.898097365,0.865606485,0.832727575,0.800336411,0.770756919,0.748309422,0.73037643,0.714906786,0.699140115,0.681937373,0.663439085,0.644093649,0.62429329,0.604358882,0.584618228,0.565442217
0,0.994443364,0.979236627,0.956655643,0.928919303,0.897980909,0.86543093,0.832484766,0.800020608,0.770366106,0.747846718,0.729843011,0.714302672,0.6984636,0.681186517,0.662612786,0.643191717,0.623316206,0.603307642,0.583494387,0.564248043
0,0.994441922,0.979226194,0.956624225,0.928853565,0.897868403,0.865261293,0.832250103,0.799715358,0.769988303,0.747399356,0.7293272,0.713718414,0.697809237,0.680460176,0.661813407,0.642319125,0.622370875,0.602290546,0.582407042,0.563092649
0,0.994440529,0.979216118,0.956593871,0.928790036,0.89775965,0.865097284,0.832023187,0.799420145,0.769622878,0.746966592,0.728828151,0.713153062,0.69717597,0.679757182,0.661039667,0.641474479,0.621455791,0.601305978,0.581354462,0.561974198
0,0.994439183,0.97920638,0.956564528,0.928728606,0.897654469,0.86493863,0.831803646,0.799134488,0.769269239,0.746547731,0.728345068,0.712605723,0.696562807,0.679076441,0.660290368,0.640656474,0.620569543,0.600352417,0.580335026,0.560890964
0,0.994437882,0.979196964,0.956536147,0.928669176,0.897552688,0.864785077,0.831591131,0.798857936,0.768926833,0.746142122,0.727877206,0.71207556,0.695968815,0.678416925,0.659564382,0.639863885,0.619710804,0.59942844,0.579347209,0.559841328
0,0.994436624,0.979187855,0.956508682,0.92861165,0.897454148,0.864636386,0.831385312,0.798590066,0.768595138,0.745749153,0.727423866,0.711561785,0.695393121,0.677777669,0.658860653,0.639095558,0.61887833,0.598532707,0.578389581,0.55882377
0,0.994435407,0.979179037,0.95648209,0.928555938,0.897358697,0.864492331,0.831185883,0.798330479,0.768273665,0.745368249,0.726984389,0.711063661,0.694834903,0.677157765,0.658178185,0.638350412,0.618070947,0.597663958,0.577460794,0.557836856
0,0.994434228,0.979170498,0.95645633,0.928501959,0.897266194,0.864352703,0.830992554,0.798078803,0.767961955,0.744998869,0.726558157,0.710580491,0.694293387,0.676556358,0.657516041,0.637627425,0.617287553,0.596821006,0.57655958,0.556879239
0,0.994433086,0.979162223,0.956431365,0.928449633,0.897176508,0.864217303,0.830805053,0.797834686,0.767659575,0.744640506,0.726144588,0.710111621,0.693767844,0.675972644,0.656873337,0.636925636,0.616527106,0.596002734,0.575684744,0.555949649
0,0.994431979,0.979154203,0.956407159,0.928398886,0.897089512,0.864085945,0.830623125,0.797597796,0.767366118,0.744292679,0.725743132,0.709656433,0.693257587,0.675405864,0.656249243,0.636244138,0.615788627,0.595208086,0.574835157,0.555046888
0,0.994430906,0.979146424,0.956383679,0.92834965,0.89700509,0.863958452,0.830446527,0.797367823,0.7670812,0.743954938,0.725353274,0.709214346,0.692761967,0.674855301,0.655642971,0.635582076,0.61507119,0.594436066,0.574009757,0.554169823
0,0.994429865,0.979138877,0.956360891,0.928301858,0.89692313,0.863834659,0.830275032,0.79714447,0.766804459,0.743626855,0.724974523,0.708784809,0.692280373,0.674320278,0.65505378,0.634938641,0.614373918,0.593685735,0.573207537,0.553317387
0,0.994428854,0.979131551,0.956338768,0.92825545,0.896843528,0.86371441,0.830108426,0.796927462,0.766535553,0.743308028,0.72460642,0.708367303,0.691812225,0.673800156,0.654480967,0.634313069,0.613695987,0.592956203,0.572427548,0.552488569
0,0.994427873,0.979124438,0.95631728,0.928210366,0.896766186,0.863597557,0.829946506,0.796716535,0.766274158,0.742998076,0.724248526,0.707961338,0.691356977,0.673294331,0.65392387,0.633704636,0.613036612,0.592246629,0.571668888,0.551682412
0,0.99442692,0.979117527,0.956296402,0.928166552,0.896691009,0.863483961,0.829789079,0.796511441,0.766019969,0.742696639,0.72390043,0.707566447,0.69091411,0.672802228,0.653381859,0.633112658,0.612395053,0.591556215,0.570930707,0.550898013
0,0.994425995,0.979110811,0.956276107,0.928123955,0.89661791,0.863373488,0.829635964,0.796311945,0.765772696,0.742403376,0.723561741,0.707182191,0.690483134,0.672323307,0.652854339,0.632536486,0.611770608,0.590884206,0.570212197,0.550134512
0,0.994425095,0.979104281,0.956256373,0.928082527,0.896546806,0.863266016,0.829486989,0.796117824,0.765532065,0.742117965,0.723232088,0.706808152,0.690063583,0.671857051,0.652340745,0.631975505,0.61116261,0.590229887,0.569512593,0.549391096
0,0.99442422,0.979097931,0.956237176,0.928042222,0.896477616,0.863161424,0.829341992,0.795928869,0.765297816,0.741840099,0.722911121,0.706443935,0.689655017,0.671402974,0.651840542,0.63142913,0.610570429,0.589592578,0.568831169,0.548666994
0,0.994423368,0.979091752,0.956218496,0.928002993,0.896410267,0.863059601,0.829200818,0.795744878,0.765069704,0.741569487,0.722598505,0.706089164,0.689257017,0.670960612,0.651353221,0.630896807,0.609993464,0.588971634,0.568167235,0.547961471
0,0.99442254,0.979085739,0.956200312,0.927964801,0.896344687,0.86296044,0.82906332,0.795565662,0.764847493,0.741305855,0.722293925,0.705743483,0.688869184,0.670529525,0.650878298,0.630378011,0.609431145,0.588366441,0.567520135,0.547273833
0,0.994421733,0.979079884,0.956182606,0.927927605,0.896280808,0.86286384,0.828929359,0.795391041,0.764630962,0.741048939,0.72199708,0.705406552,0.68849114,0.670109294,0.650415315,0.629872239,0.60888293,0.587776418,0.566889247,0.546603417
0,0.994420948,0.979074183,0.956165358,0.927891368,0.896218567,0.862769705,0.828798803,0.795220844,0.7644199,0.740798492,0.721707683,0.705078049,0.688122527,0.669699521,0.649963834,0.629379016,0.608348303,0.587201008,0.566273978,0.545949592
0,0.994420183,0.979068628,0.956148552,0.927856053,0.896157902,0.862677944,0.828671526,0.795054907,0.764214105,0.740554275,0.721425464,0.704757667,0.687763001,0.669299828,0.649523439,0.628897888,0.607826774,0.586639686,0.565673763,0.545311759
0,0.994419437,0.979063214,0.956132171,0.927821627,0.896098756,0.86258847,0.828547409,0.794893076,0.764013387,0.740316065,0.721150163,0.704445115,0.687412237,0.668909854,0.649093733,0.628428424,0.607317875,0.586091947,0.565088065,0.544689347
0,0.99441871,0.979057937,0.9561162,0.927788057,0.896041074,0.8625012,0.828426338,0.794735203,0.763817564,0.740083645,0.720881533,0.704140113,0.687069924,0.668529255,0.648674341,0.627970211,0.606821161,0.585557313,0.564516372,0.544081811
0,0.994418002,0.97905279,0.956100624,0.927755313,0.895984802,0.862416055,0.828308204,0.794581147,0.763626462,0.739856811,0.72061934,0.703842398,0.686735766,0.668157703,0.6482649,0.627522857,0.606336206,0.585035326,0.563958195,0.543488633
0,0.994417311,0.979047771,0.956085428,0.927723364,0.895929892,0.86233296,0.828192904,0.794430775,0.763439915,0.739635368,0.720363359,0.703551715,0.686409481,0.667794886,0.647865069,0.627085988,0.605862606,0.584525551,0.563413068,0.542909317
0,0.994416636,0.979042873,0.9560706,0.927692183,0.895876295,0.862251844,0.828080339,0.794283959,0.763257767,0.739419131,0.720113377,0.703267824,0.686090799,0.667440505,0.647474518,0.626659246,0.605399972,0.584027571,0.562880547,0.54234339
0,0.994415978,0.979038093,0.956056126,0.927661744,0.895823965,0.862172639,0.827970416,0.794140577,0.763079866,0.739207921,0.71986919,0.702990495,0.685779464,0.667094276,0.647092935,0.626242289,0.604947936,0.583540989,0.562360205,0.541790401
0,0.994415336,0.979033426,0.956041994,0.92763202,0.89577286,0.862095279,0.827863044,0.794000512,0.762906069,0.739001569,0.719630601,0.702719506,0.685475228,0.666755925,0.646720021,0.625834792,0.604506145,0.583065424,0.561851638,0.541249917
0,0.994414709,0.97902887,0.956028193,0.927602987,0.895722938,0.862019703,0.827758138,0.793863653,0.762736239,0.738799912,0.719397426,0.702454647,0.685177857,0.666425192,0.646355489,0.625436442,0.60407426,0.582600514,0.561354457,0.540721527
0,0.994414096,0.979024419,0.956014711,0.927574623,0.89567416,0.861945849,0.827655616,0.793729894,0.762570244,0.738602796,0.719169486,0.702195718,0.684887126,0.666101829,0.645999066,0.625046942,0.603651958,0.582145911,0.56086829,0.540204836
0,0.994413498,0.97902007,0.956001537,0.927546905,0.895626487,0.861873663,0.827555399,0.793599133,0.762407959,0.738410073,0.71894661,0.701942525,0.68460282,0.665785598,0.64565049,0.624666004,0.603238931,0.581701283,0.560392782,0.539699466
0,0.994412913,0.979015821,0.955988662,0.927519811,0.895579883,0.861803089,0.827457412,0.793471272,0.762249264,0.7382216,0.718728636,0.701694885,0.684324734,0.665476269,0.645309509,0.624293357,0.602834881,0.581266311,0.559927592,0.539205055
0,0.994412341,0.979011667,0.955976076,0.927493322,0.895534314,0.861734076,0.827361584,0.79334622,0.762094043,0.738037242,0.718515406,0.701452621,0.684052669,0.665173625,0.644975885,0.623928737,0.602439527,0.580840689,0.559472395,0.538721257
0,0.994411782,0.979007606,0.955963769,0.927467417,0.895489747,0.861666573,0.827267846,0.793223886,0.761942186,0.737856868,0.718306772,0.701215563,0.683786437,0.664877455,0.644649387,0.623571894,0.602052594,0.580424126,0.559026878,0.53824774
0,0.994411236,0.979003634,0.955951732,0.927442079,0.89544615,0.861600533,0.827176132,0.793104185,0.761793589,0.737680355,0.71810259,0.700983551,0.683525857,0.66458756,0.644329793,0.623222588,0.601673824,0.580016342,0.558590741,0.537784185
0,0.994410701,0.97899975,0.955939957,0.927417289,0.895403492,0.861535911,0.827086379,0.792987035,0.76164815,0.737507581,0.717902723,0.700756427,0.683270755,0.664303747,0.644016893,0.622880587,0.601302966,0.579617067,0.558163697,0.537330287
0,0.994410178,0.978995949,0.955928436,0.927393031,0.895361744,0.861472661,0.826998526,0.792872358,0.761505771,0.737338434,0.717707038,0.700534044,0.683020964,0.664025831,0.643710483,0.622545669,0.600939781,0.579226043,0.55774547,0.536885753
0,0.994409666,0.97899223,0.95591716,0.927369288,0.895320878,0.861410743,0.826912516,0.792760078,0.761366361,0.737172802,0.717515409,0.700316258,0.682776324,0.663753634,0.643410368,0.622217623,0.600584037,0.578843023,0.557335796,0.536450302
0,0.994409165,0.97898859,0.955906123,0.927346043,0.895280868,0.861350116,0.826828293,0.792650123,0.761229828,0.737010581,0.717327715,0.700102932,0.682536682,0.663486986,0.643116362,0.621896244,0.600235513,0.578467769,0.55693442,0.536023664
0,0.994408675,0.978985026,0.955895317,0.927323283,0.895241688,0.86129074,0.826745802,0.792542424,0.761096088,0.736851668,0.717143839,0.699893934,0.682301891,0.663225725,0.642828283,0.621581335,0.599893998,0.578100052,0.556541097,0.535605578
0,0.994408195,0.978981536,0.955884734,0.927300993,0.895203312,0.86123258,0.826664994,0.792436913,0.760965059,0.736695966,0.716963668,0.699689136,0.682071807,0.662969691,0.642545959,0.621272707,0.599559287,0.577739652,0.556155593,0.535195795
0,0.994407724,0.978978118,0.955874369,0.927279159,0.895165718,0.861175599,0.826585818,0.792333527,0.76083666,0.736543382,0.716787095,0.699488417,0.681846295,0.662718735,0.642269225,0.620970181,0.599231183,0.577386358,0.555777682,0.534794077
0,0.994407264,0.978974771,0.955864215,0.927257766,0.895128881,0.861119763,0.826508227,0.792232204,0.760710816,0.736393826,0.716614016,0.69929166,0.681625224,0.66247271,0.641997919,0.62067358,0.598909498,0.577039968,0.555407147,0.534400191
0,0.994406813,0.978971491,0.955854266,0.927236804,0.895092782,0.861065038,0.826432176,0.792132886,0.760587454,0.73624721,0.716444331,0.699098752,0.681408467,0.662231477,0.641731888,0.620382737,0.598594049,0.576700285,0.555043779,0.534013915
0,0.99440637,0.978968276,0.955844516,0.927216258,0.895057397,0.861011394,0.82635762,0.792035513,0.760466503,0.736103452,0.716277945,0.698909584,0.681195903,0.661994902,0.641470984,0.620097491,0.598284662,0.576367121,0.554687377,0.533635037
0,0.994405937,0.978965126,0.955834959,0.927196118,0.895022708,0.860958799,0.826284517,0.791940033,0.760347895,0.735962472,0.716114764,0.698724052,0.680987416,0.661762853,0.641215064,0.619817686,0.597981168,0.576040295,0.554337746,0.533263349
0,0.994405512,0.978962038,0.955825589,0.927176371,0.894988694,0.860907224,0.826212827,0.791846392,0.760231565,0.735824191,0.715954701,0.698542055,0.680782891,0.661535207,0.640963991,0.619543171,0.597683404,0.575719632,0.553994701,0.532898655
0,0.994405095,0.97895901,0.955816402,0.927157007,0.894955336,0.86085664,0.826142511,0.79175454,0.76011745,0.735688537,0.715797669,0.698363496,0.680582222,0.661311843,0.640717632,0.619273803,0.597391215,0.575404964,0.553658061,0.532540762
0,0.994404687,0.978956041,0.955807392,0.927138016,0.894922617,0.860807021,0.82607353,0.791664426,0.760005489,0.735555436,0.715643586,0.698188281,0.680385302,0.661092645,0.64047586,0.619009442,0.59710445,0.575096129,0.553327653,0.532189486
0,0.994404286,0.978953129,0.955798555,0.927119386,0.894890519,0.86075834,0.826005849,0.791576005,0.759895624,0.73542482,0.715492372,0.698016321,0.680192032,0.660877501,0.640238551,0.618749954,0.596822962,0.57479297,0.55300331,0.531844651
0,0.994403893,0.978950272,0.955789885,0.927101109,0.894859025,0.860710571,0.825939432,0.79148923,0.759787799,0.735296622,0.71534395,0.697847529,0.680002314,0.660666303,0.640005588,0.618495209,0.596546612,0.574495337,0.55268487,0.531506084
0,0.994403507,0.978947469,0.955781379,0.927083174,0.894828119,0.860663691,0.825874245,0.791404057,0.75968196,0.735170779,0.715198246,0.69768182,0.679816055,0.660458947,0.639776855,0.618245083,0.596275265,0.574203083,0.552372178,0.53117362
0,0.994403128,0.978944719,0.955773031,0.927065572,0.894797785,0.860617676,0.825810257,0.791320444,0.759578053,0.735047227,0.715055189,0.697519114,0.679633163,0.660255333,0.639552241,0.617999454,0.596008789,0.573916069,0.552065085,0.530847101
0,0.994402757,0.97894202,0.955764838,0.927048296,0.894768008,0.860572502,0.825747435,0.791238351,0.759476028,0.734925907,0.71491471,0.697359333,0.679453551,0.660055363,0.639331641,0.617758207,0.595747059,0.573634158,0.551763444,0.530526371
0,0.994402392,0.97893937,0.955756796,0.927031335,0.894738774,0.860528148,0.825685749,0.791157738,0.759375837,0.734806762,0.714776741,0.697202401,0.679277135,0.659858944,0.639114951,0.617521228,0.595489953,0.57335722,0.551467115,0.530211282
0,0.994402034,0.978936769,0.9557489,0.927014682,0.894710068,0.860484593,0.82562517,0.791078566,0.759277432,0.734689735,0.71464122,0.697048245,0.679103833,0.659665985,0.638902071,0.617288409,0.595237353,0.573085128,0.551175964,0.52990169
0,0.994401683,0.978934216,0.955741147,0.926998329,0.894681877,0.860441815,0.825565669,0.791000798,0.759180768,0.734574772,0.714508083,0.696896796,0.678933566,0.659476399,0.638692905,0.617059645,0.594989145,0.57281776,0.55088986,0.529597457
0,0.994401337,0.978931708,0.955733533,0.926982268,0.894654188,0.860399797,0.825507219,0.7909244,0.759085801,0.734461822,0.714377271,0.696747984,0.678766259,0.659290101,0.638487361,0.616834835,0.594745219,0.572554997,0.550608676,0.529298448
0,0.994400998,0.978929245,0.955726054,0.926966492,0.894626988,0.860358517,0.825449794,0.790849337,0.758992488,0.734350833,0.714248725,0.696601745,0.678601837,0.65910701,0.638285347,0.61661388,0.594505469,0.572296725,0.55033229,0.529004533
0,0.994400665,0.978926825,0.955718708,0.926950994,0.894600264,0.860317958,0.825393368,0.790775575,0.758900787,0.734241758,0.71412239,0.696458014,0.678440229,0.658927047,0.638086778,0.616396686,0.594269793,0.572042834,0.550060584,0.528715587
0,0.994400338,0.978924448,0.955711491,0.926935766,0.894574006,0.860278103,0.825337916,0.790703083,0.75881066,0.734134549,0.71399821,0.69631673,0.678281367,0.658750134,0.637891569,0.61618316,0.59403809,0.571793216,0.549793444,0.528431488
0,0.994400016,0.978922113,0.955704399,0.926920803,0.894548201,0.860238932,0.825283415,0.790631829,0.758722068,0.734029161,0.713876134,0.696177833,0.678125183,0.658576198,0.637699638,0.615973213,0.593810265,0.571547768,0.549530759,0.528152119
0,0.9943997,0.978919818,0.95569743,0.926906097,0.894522838,0.860200431,0.825229841,0.790561783,0.758634973,0.733925549,0.71375611,0.696041267,0.677971614,0.658405168,0.637510907,0.615766761,0.593586224,0.57130639,0.549272421,0.527877367
0,0.99439939,0.978917563,0.95569058,0.926891642,0.894497907,0.860162582,0.825177172,0.790492916,0.75854934,0.733823671,0.71363809,0.695906975,0.677820596,0.658236973,0.637325299,0.615563718,0.593365877,0.571068984,0.549018327,0.52760712
0,0.994399085,0.978915346,0.955683847,0.926877433,0.894473397,0.86012537,0.825125386,0.7904252,0.758465133,0.733723485,0.713522025,0.695774902,0.677672069,0.658071547,0.637142741,0.615364005,0.593149137,0.570835457,0.548768378,0.527341272
0,0.994398784,0.978913166,0.955677227,0.926863462,0.894449299,0.86008878,0.825074462,0.790358607,0.758382318,0.733624952,0.71340787,0.695644998,0.677525975,0.657908825,0.636963161,0.615167544,0.592935919,0.570605718,0.548522474,0.52707972
0,0.994398489,0.978911024,0.955670719,0.926849726,0.894425601,0.860052798,0.82502438,0.790293112,0.758300864,0.733528032,0.71329558,0.69551721,0.677382256,0.657748744,0.636786489,0.614974258,0.59272614,0.570379678,0.548280522,0.526822364
0,0.994398199,0.978908917,0.95566432,0.926836218,0.894402296,0.860017408,0.82497512,0.790228687,0.758220738,0.733432688,0.71318511,0.695391491,0.677240858,0.657591242,0.636612658,0.614784075,0.592519723,0.570157251,0.548042432,0.526569107
0,0.994397914,0.978906845,0.955658026,0.926822932,0.894379374,0.859982597,0.824926663,0.79016531,0.75814191,0.733338884,0.713076421,0.695267792,0.677101728,0.65743626,0.636441604,0.614596923,0.592316588,0.569938356,0.547808113,0.526319854
0,0.994397633,0.978904807,0.955651836,0.926809864,0.894356825,0.859948352,0.824878991,0.790102955,0.758064349,0.733246584,0.71296947,0.695146067,0.676964813,0.657283742,0.636273262,0.614412732,0.592116662,0.569722912,0.54757748,0.526074514
0,0.994397357,0.978902803,0.955645746,0.926797009,0.894334642,0.859914659,0.824832085,0.790041599,0.757988027,0.733155755,0.712864218,0.695026271,0.676830064,0.65713363,0.636107571,0.614231438,0.591919873,0.56951084,0.547350451,0.525833
0,0.994397085,0.978900831,0.955639756,0.926784361,0.894312816,0.859881507,0.824785929,0.78998122,0.757912916,0.733066362,0.712760627,0.694908361,0.676697431,0.656985872,0.635944473,0.614052973,0.591726149,0.569302065,0.547126943,0.525595224
0,0.994396818,0.978898891,0.955633862,0.926771916,0.894291339,0.859848883,0.824740504,0.789921795,0.757838988,0.732978374,0.712658659,0.694792295,0.676566868,0.656840414,0.635783909,0.613877276,0.591535423,0.569096513,0.546906879,0.525361105
0,0.994396554,0.978896982,0.955628063,0.92675967,0.894270203,0.859816775,0.824695796,0.789863304,0.757766217,0.732891759,0.712558279,0.694678033,0.676438328,0.656697206,0.635625823,0.613704285,0.591347628,0.568894114,0.546690183,0.52513056
0,0.994396296,0.978895103,0.955622355,0.926747618,0.894249401,0.859785172,0.824651788,0.789805725,0.757694578,0.732806487,0.712459452,0.694565533,0.676311768,0.656556199,0.635470161,0.613533941,0.5911627,0.568694798,0.54647678,0.524903511
0,0.994396041,0.978893254,0.955616738,0.926735756,0.894228925,0.859754062,0.824608465,0.789749039,0.757624046,0.732722529,0.712362143,0.694454758,0.676187144,0.656417344,0.635316871,0.613366185,0.590980577,0.568498499,0.546266599,0.524679883
0,0.99439579,0.978891435,0.955611209,0.926724079,0.894208768,0.859723435,0.824565811,0.789693225,0.757554597,0.732639856,0.71226632,0.694345671,0.676064414,0.656280595,0.6351659,0.613200964,0.590801198,0.56830515,0.546059571,0.524459602
0,0.994395543,0.978889643,0.955605766,0.926712583,0.894188923,0.85969328,0.824523813,0.789638266,0.757486206,0.73255844,0.712171951,0.694238234,0.675943538,0.656145906,0.635017199,0.61303822,0.590624505,0.568114689,0.545855627,0.524242594
0,0.9943953,0.97888788,0.955600408,0.926701266,0.894169383,0.859663587,0.824482455,0.789584143,0.757418852,0.732478254,0.712079003,0.694132413,0.675824475,0.656013235,0.634870719,0.612877903,0.590450439,0.567927054,0.545654702,0.524028791
0,0.99439506,0.978886144,0.955595132,0.926690122,0.894150142,0.859634347,0.824441725,0.789530837,0.757352512,0.732399273,0.711987448,0.694028174,0.675707187,0.655882537,0.634726414,0.612719961,0.590278945,0.567742184,0.545456731,0.523818125
0,0.994394824,0.978884434,0.955589937,0.926679147,0.894131193,0.859605549,0.824401609,0.789478332,0.757287166,0.73232147,0.711897256,0.693925482,0.675591638,0.655753771,0.634584239,0.612564343,0.59010997,0.567560023,0.545261654,0.52361053
0,0.994394592,0.978882751,0.955584821,0.92666834,0.894112531,0.859577184,0.824362093,0.789426611,0.757222791,0.73224482,0.711808398,0.693824306,0.67547779,0.655626898,0.634444147,0.612411002,0.58994346,0.567380514,0.545069409,0.523405941
0,0.994394363,0.978881092,0.955579782,0.926657695,0.894094148,0.859549243,0.824323167,0.789375657,0.757159367,0.732169301,0.711720846,0.693724614,0.675365608,0.655501877,0.634306097,0.61225989,0.589779365,0.567203601,0.544879937,0.523204296
0,0.994394138,0.978879459,0.955574819,0.92664721,0.89407604,0.859521717,0.824284816,0.789325454,0.757096876,0.732094888,0.711634574,0.693626376,0.675255058,0.655378671,0.634170046,0.61211096,0.589617635,0.567029231,0.544693182,0.523005535
0,0.994393916,0.978877851,0.95556993,0.92663688,0.894058201,0.859494598,0.82424703,0.789275987,0.757035297,0.732021558,0.711549554,0.693529561,0.675146107,0.655257243,0.634035953,0.61196417,0.589458222,0.566857353,0.544509088,0.522809599
0,0.994393697,0.978876266,0.955565114,0.926626704,0.894040624,0.859467878,0.824209796,0.789227241,0.756974612,0.73194929,0.711465763,0.69343414,0.675038722,0.655137556,0.633903779,0.611819474,0.589301078,0.566687915,0.544327601,0.52261643
0,0.994393482,0.978874705,0.955560369,0.926616678,0.894023305,0.859441547,0.824173104,0.789179201,0.756914803,0.731878062,0.711383173,0.693340087,0.674932871,0.655019575,0.633773484,0.611676832,0.589146158,0.566520868,0.544148668,0.522425972
0,0.99439327,0.978873166,0.955555694,0.926606798,0.894006239,0.859415599,0.824136942,0.789131852,0.756855852,0.731807852,0.711301763,0.693247372,0.674828523,0.654903266,0.633645032,0.611536201,0.588993417,0.566356165,0.543972238,0.522238171
0,0.99439306,0.97887165,0.955551087,0.926597062,0.89398942,0.859390025,0.8241013,0.789085182,0.756797742,0.731738641,0.711221507,0.693155969,0.674725649,0.654788596,0.633518385,0.611397541,0.588842811,0.566193758,0.543798262,0.522052974
0,0.994392854,0.978870157,0.955546547,0.926587467,0.893972844,0.859364818,0.824066168,0.789039176,0.756740456,0.731670409,0.711142382,0.693065852,0.67462422,0.654675532,0.633393508,0.611260815,0.5886943,0.566033603,0.543626691,0.52187033
0,0.994392651,0.978868684,0.955542072,0.92657801,0.893956505,0.859339971,0.824031535,0.788993821,0.756683978,0.731603136,0.711064368,0.692976997,0.674524206,0.654564043,0.633270366,0.611125983,0.588547841,0.565875655,0.543457477,0.521690188
0,0.99439245,0.978867233,0.955537662,0.926568688,0.893940399,0.859315477,0.823997391,0.788949105,0.756628292,0.731536804,0.710987441,0.692889377,0.674425581,0.654454097,0.633148925,0.610993009,0.588403394,0.565719871,0.543290574,0.521512499
0,0.994392253,0.978865803,0.955533314,0.926559499,0.893924521,0.859291328,0.823963728,0.788905014,0.756573382,0.731471394,0.710911581,0.69280297,0.674328317,0.654345666,0.633029152,0.610861857,0.588260921,0.565566209,0.543125938,0.521337217
0,0.994392058,0.978864393,0.955529028,0.92655044,0.893908867,0.859267519,0.823930534,0.788861537,0.756519234,0.731406888,0.710836767,0.692717751,0.674232387,0.654238719,0.632911015,0.610732491,0.588120383,0.565414628,0.542963525,0.521164294
0,0.994391866,0.978863003,0.955524803,0.926541509,0.893893432,0.859244041,0.823897803,0.788818662,0.756465832,0.731343268,0.710762979,0.692633698,0.674137768,0.654133229,0.632794483,0.610604878,0.587981744,0.565265089,0.542803293,0.520993685
0,0.994391676,0.978861632,0.955520637,0.926532702,0.893878213,0.85922089,0.823865523,0.788776378,0.756413163,0.731280519,0.710690197,0.692550789,0.674044432,0.654029167,0.632679525,0.610478984,0.587844967,0.565117552,0.5426452,0.520825347
0,0.99439149,0.978860281,0.95551653,0.926524018,0.893863205,0.859198059,0.823833688,0.788734672,0.756361213,0.731218623,0.710618402,0.692469001,0.673952357,0.653926507,0.632566111,0.610354777,0.587710017,0.564971979,0.542489205,0.520659236
0,0.994391305,0.978858948,0.955512479,0.926515455,0.893848404,0.859175541,0.823802289,0.788693535,0.756309967,0.731157564,0.710547576,0.692388315,0.673861519,0.653825223,0.632454213,0.610232225,0.58757686,0.564828335,0.542335269,0.52049531
0,0.994391124,0.978857634,0.955508485,0.92650701,0.893833806,0.859153331,0.823771316,0.788652955,0.756259413,0.731097327,0.7104777,0.692308708,0.673771893,0.653725287,0.632343802,0.610111296,0.587445462,0.564686582,0.542183353,0.520333529
0,0.994390945,0.978856338,0.955504545,0.92649868,0.893819407,0.859131423,0.823740763,0.788612922,0.756209538,0.731037895,0.710408757,0.692230162,0.673683458,0.653626676,0.63223485,0.609991962,0.58731579,0.564546686,0.542033421,0.520173853
0,0.994390768,0.97885506,0.95550066,0.926490464,0.893805204,0.859109811,0.823710622,0.788573426,0.756160329,0.730979255,0.710340729,0.692152656,0.673596193,0.653529366,0.63212733,0.609874192,0.587187814,0.564408613,0.541885435,0.520016243
0,0.994390593,0.978853799,0.955496827,0.92648236,0.893791194,0.859088491,0.823680884,0.788534457,0.756111773,0.730921392,0.7102736,0.692076172,0.673510074,0.653433331,0.632021217,0.609757958,0.587061501,0.564272329,0.541739361,0.51986066
0,0.994390421,0.978852555,0.955493046,0.926474365,0.893777371,0.859067456,0.823651543,0.788496005,0.75606386,0.730864291,0.710207353,0.69200069,0.673425082,0.65333855,0.631916485,0.609643232,0.586936822,0.564137801,0.541595162,0.519707069
0,0.994390251,0.978851328,0.955489316,0.926466477,0.893763734,0.859046701,0.823622591,0.788458061,0.756016576,0.730807939,0.710141972,0.691926193,0.673341196,0.653244998,0.631813108,0.609529987,0.586813746,0.564004997,0.541452805,0.519555433
0,0.994390084,0.978850117,0.955485637,0.926458695,0.893750278,0.859026221,0.823594021,0.788420616,0.755969911,0.730752321,0.710077442,0.691852662,0.673258395,0.653152655,0.631711063,0.609418195,0.586692246,0.563873888,0.541312257,0.519405717
0,0.994389919,0.978848923,0.955482006,0.926451017,0.893737001,0.859006012,0.823565827,0.78838366,0.755923854,0.730697425,0.710013746,0.691780081,0.673176662,0.653061498,0.631610325,0.609307832,0.586572292,0.563744441,0.541173486,0.519297722
0,0.994389755,0.978847744,0.955478424,0.92644344,0.893723899,0.858986068,0.823538001,0.788347185,0.755878394,0.730643238,0.709950871,0.691708432,0.673095976,0.652971506,0.631510871,0.609198871,0.586453858,0.563616628,0.54103646,0.522045005
0,0.994389594,0.978846581,0.955474889,0.926435963,0.893710968,0.858966384,0.823510537,0.788311182,0.75583352,0.730589748,0.709888802,0.6916377,0.673016319,0.65288266,0.631412679,0.609091287,0.586336916,0.563490421,0.540901147,0.524329471
0,0.994389435,0.978845434,0.9554714,0.926428585,0.893698207,0.858946957,0.823483429,0.788275643,0.755789221,0.730536941,0.709827524,0.691567867,0.672937672,0.652794937,0.631315726,0.608985058,0.586221441,0.563365789,0.540767519,0.526225347
0,0.994389279,0.978844301,0.955467957,0.926421302,0.893685612,0.858927781,0.823456669,0.78824056,0.755745488,0.730484806,0.709767023,0.691498918,0.672860019,0.65270832,0.631219991,0.608880158,0.586107406,0.563242707,0.540635545,0.527786344
0,0.994389124,0.978843183,0.955464559,0.926414115,0.893673179,0.858908852,0.823430253,0.788205925,0.75570231,0.730433332,0.709707287,0.691430838,0.672783342,0.652622788,0.631125452,0.608776565,0.585994786,0.563121147,0.543332188,0.529052891
0,0.994388971,0.97884208,0.955461206,0.92640702,0.893660907,0.858890166,0.823404174,0.788171729,0.755659679,0.730382506,0.709648301,0.691363611,0.672707624,0.652538324,0.631032088,0.608674256,0.585883558,0.563001083,0.545852272,0.530056347
0,0.99438882,0.978840991,0.955457895,0.926400017,0.893648793,0.858871719,0.823378427,0.788137966,0.755617584,0.730332318,0.709590053,0.691297223,0.672632849,0.652454908,0.630939881,0.608573209,0.585773697,0.56288249,0.548045035,0.530821658
0,0.994388671,0.978839916,0.955454627,0.926393103,0.893636833,0.858853506,0.823353005,0.788104628,0.755576017,0.730282756,0.709532531,0.69123166,0.672559,0.652372522,0.630848809,0.608473403,0.585665181,0.562765341,0.54995097,0.531369071
0,0.994388524,0.978838854,0.955451401,0.926386278,0.893625025,0.858835523,0.823327903,0.788071708,0.755534968,0.73023381,0.709475721,0.691166907,0.672486062,0.65229115,0.630758854,0.608374817,0.585557985,0.565068253,0.551601903,0.532132232
0,0.994388378,0.978837807,0.955448216,0.926379539,0.893613366,0.858817767,0.823303116,0.788039198,0.755494428,0.73018547,0.709419612,0.691102951,0.672414018,0.652210774,0.630669997,0.608277429,0.585452088,0.567813294,0.553023418,0.535648438
0,0.994388235,0.978836772,0.955445072,0.926372886,0.893601854,0.858800233,0.823278638,0.788007091,0.755454389,0.730137724,0.709364191,0.691039779,0.672342856,0.652131377,0.630582219,0.60818122,0.585347468,0.570282143,0.554236468,0.539100213
0,0.994388093,0.978835751,0.955441967,0.926366317,0.893590487,0.858782918,0.823254464,0.787975382,0.755414843,0.730090564,0.709309449,0.690977376,0.672272558,0.652052943,0.630495502,0.608086171,0.585244103,0.572504542,0.555258478,0.542487889
0,0.994387953,0.978834742,0.955438901,0.92635983,0.893579262,0.858765819,0.823230589,0.787944062,0.755375781,0.73004398,0.709255372,0.690915731,0.672203112,0.651975456,0.630409829,0.607992261,0.587013943,0.574504831,0.556104142,0.545812599
0,0.994387815,0.978833746,0.955435874,0.926353424,0.893568176,0.858748931,0.823207008,0.787913127,0.755337196,0.729997961,0.70920195,0.690854831,0.672134503,0.6518989,0.630325182,0.607899472,0.589948072,0.57630324,0.556785976,0.549075105
0,0.994387678,0.978832762,0.955432885,0.926347097,0.893557228,0.858732252,0.823183716,0.787882568,0.755299079,0.729952499,0.709149173,0.690794664,0.672066717,0.651823261,0.630241545,0.607807786,0.592650414,0.577916801,0.557314756,0.552277516
0,0.994387544,0.978831791,0.955429932,0.92634085,0.893546414,0.858715776,0.823160708,0.787852381,0.755261422,0.729907585,0.709097029,0.690735217,0.67199974,0.651748522,0.630158901,0.607717185,0.595141965,0.57936002,0.557699831,0.555421924
0,0.99438741,0.978830832,0.955427017,0.926334679,0.893535734,0.858699503,0.82313798,0.787822559,0.755224219,0.729863208,0.709045508,0.690676479,0.671933561,0.65167467,0.630077234,0.609165858,0.59744064,0.580645373,0.558510308,0.558510266
0,0.994387279,0.978829884,0.955424137,0.926328584,0.893525184,0.858683427,0.823115528,0.787793095,0.755187461,0.729819362,0.708994601,0.690618439,0.671868165,0.651601689,0.629996527,0.612238371,0.599561862,0.581783682,0.56154462,0.561544416
0,0.994387149,0.978828948,0.955421292,0.926322563,0.893514762,0.858667546,0.823093346,0.787763986,0.755151142,0.729776037,0.708944297,0.690561084,0.67180354,0.651529567,0.629916767,0.615119727,0.601519014,0.582784406,0.564526555,0.564526394
0,0.99438702,0.978828024,0.955418482,0.926316616,0.893504467,0.858651857,0.82307143,0.787735223,0.755115254,0.729733225,0.708894587,0.690504405,0.671739674,0.651458289,0.629837937,0.617823784,0.603323792,0.583655868,0.567458765,0.567459046
0,0.994386893,0.978827111,0.955415707,0.926310741,0.893494297,0.858636357,0.823049776,0.787706803,0.755079791,0.729690917,0.708845461,0.69044839,0.671676555,0.651387842,0.63173352,0.62036292,0.604986489,0.584405438,0.57034362,0.570343443
0,0.994386768,0.978826209,0.955412965,0.926304937,0.893484249,0.858621042,0.82302838,0.78767872,0.755044746,0.729649106,0.70879691,0.690393029,0.671614171,0.651318213,0.634887259,0.622748221,0.606516214,0.585039672,0.573182416,0.57318229
0,0.994386644,0.978825317,0.955410256,0.926299203,0.893474321,0.858605909,0.823007238,0.787650967,0.755010112,0.729607783,0.708748925,0.690338312,0.67155251,0.651249388,0.637887382,0.624989638,0.607921075,0.585564436,0.575977529,0.575977394
0,0.994386522,0.978824437,0.95540758,0.926293538,0.893464512,0.858590957,0.822986346,0.787623541,0.754975883,0.729566942,0.708701496,0.690284228,0.671491561,0.6517379,0.640742165,0.627096132,0.609208323,0.585984998,0.578730909,0.578730998
0,0.994386401,0.978823567,0.955404936,0.926287941,0.893454819,0.858576181,0.8229657,0.787596436,0.754942053,0.729526574,0.708654616,0.690230768,0.671431312,0.655044418,0.643459398,0.629075797,0.610384474,0.586306106,0.581444037,0.581444564
0,0.994386281,0.978822707,0.955402323,0.92628241,0.893445241,0.85856158,0.822945295,0.787569646,0.754908614,0.729486673,0.708608276,0.690177921,0.671371754,0.658226169,0.646046383,0.630935965,0.611455406,0.586532059,0.58411897,0.584119367
0,0.994386163,0.978821858,0.955399742,0.926276944,0.893435777,0.85854715,0.822925129,0.787543168,0.754875562,0.72944723,0.708562467,0.690125679,0.672787475,0.661287426,0.64850994,0.632683298,0.612426446,0.586757308,0.586757282,0.586757192
0,0.994386046,0.978821018,0.955397191,0.926271544,0.893426424,0.858532889,0.822905198,0.787516996,0.75484289,0.72940824,0.708517181,0.690074032,0.676152241,0.664232551,0.650856428,0.634323866,0.613302433,0.589359944,0.589359717,0.589360029
0,0.99438593,0.978820189,0.95539467,0.926266207,0.89341718,0.858518794,0.822885497,0.787491125,0.754810592,0.729369694,0.708472411,0.691718528,0.679419855,0.667065917,0.653091771,0.635863216,0.614087784,0.591928919,0.591929055,0.59192852
0,0.994385816,0.978819369,0.955392179,0.926260932,0.893408044,0.858504863,0.822866024,0.787465551,0.754778663,0.729331586,0.708428147,0.695169003,0.682591859,0.669791845,0.655221485,0.637306427,0.614786537,0.59446503,0.594465268,0.594465154
0,0.994385703,0.978818559,0.955389718,0.926255719,0.893399015,0.858491093,0.822846775,0.78744027,0.754747097,0.72929391,0.711904756,0.698543264,0.685670089,0.672414564,0.657250704,0.638658167,0.615402398,0.596970347,0.596970188,0.596970531
0,0.994385592,0.978817758,0.955387284,0.926250567,0.89339009,0.858477481,0.822827746,0.787415276,0.754715888,0.729313696,0.715411851,0.701841337,0.688656597,0.674938182,0.65918421,0.639922733,0.615938776,0.599444862,0.599445218,0.599445086
0,0.994385481,0.978816967,0.95538488,0.926245475,0.893381268,0.858464026,0.822808935,0.787390567,0.754685032,0.732960943,0.718855887,0.705063539,0.6915536,0.677366663,0.661026463,0.641104088,0.616398815,0.601890764,0.601890706,0.601890938
0,0.994385372,0.978816185,0.955382503,0.926240441,0.893372548,0.858450725,0.822790338,0.787366136,0.754654522,0.736550418,0.722236573,0.708210439,0.694363423,0.679703823,0.662781618,0.642205899,0.616785418,0.60430854,0.604308192,0.604308833
0,0.994385265,0.978815411,0.955380153,0.926235466,0.893363928,0.858437576,0.822771951,0.787341981,0.754624354,0.740081973,0.725553803,0.711282822,0.697088464,0.681953314,0.664453557,0.643231565,0.617101277,0.60669921,0.606699377,0.606699066
0,0.994385158,0.978814647,0.955377831,0.926230548,0.893355406,0.858424576,0.822753772,0.787318097,0.757943933,0.743555559,0.728807644,0.714281655,0.699731158,0.684118631,0.666045904,0.644184238,0.617348887,0.609608562,0.609608733,0.609608416
0,0.994385053,0.978813892,0.955375535,0.926225686,0.893346982,0.858411723,0.822735798,0.78729448,0.761616052,0.746971223,0.731998316,0.717208055,0.702293952,0.686203105,0.667562052,0.645066855,0.617530569,0.611402325,0.61140244,0.611402319
,,,,,,,,,,,,,,,,,,,,
,,,,,,,,,,,,,,,,,,,,
,,,,,,,,,,,,,,,,,,,,
,,,,,,,,,,,,,,,,,,,,
,,,,,,,,,,,,,,,,,,,,
,,,,,,,,,,,,,,,,,,,,
,,,,,,,,,,,,,,,,,,,,
,,,,,,,,,,,,,,,,,,,,
,,,,,,,,,,,,,,,,,,,,
,,,,,,,,,,,,,,,,,,,,
,,,,,,,,,,,,,,,,,,,,
,,,,,,,,,,,,,,,,,,,,
,,,,,,,,,,,,,,,,,,,,
,,,,,,,,,,,,,,,,,,,,
,,,,,,,,,,,,,,,,,,,,
,,,,,,,,,,,,,,,,,,,,
,,,,,,,,,,,,,,,,,,,,
,,,,,,,,,,,,,,,,,,,,
,,,,,,,,,,,,,,,,,,,,
,,,,,,,,,,,,,,,,,,,,
,,,,,,,,,,,,,,,,,,,,
,,,,,,,,,,,,,,,,,,,,
,,,,,,,,,,,,,,,,,,,,
,,,,,,,,,,,,,,,,,,,,
,,,,,,,,,,,,,,,,,,,,
,,,,,,,,,,,,,,,,,,,,
,,,,,,,,,,,,,,,,,,,,
,,,,,,,,,,,,,,,,,,,,
,,,,,,,,,,,,,,,,,,,,
,,,,,,,,,,,,,,,,,,,,
,,,,,,,,,,,,,,,,,,,,
,,,,,,,,,,,,,,,,,,,,
,,,,,,,,,,,,,,,,,,,,
,,,,,,,,,,,,,,,,,,,,
,,,,,,,,,,,,,,,,,,,,
,,,,,,,,,,,,,,,,,,,,
,,,,,,,,,,,,,,,,,,,,
,,,,,,,,,,,,,,,,,,,,
,,,,,,,,,,,,,,,,,,,,
,,,,,,,,,,,,,,,,,,,,
,,,,,,,,,,,,,,,,,,,,
,,,,,,,,,,,,,,,,,,,,
,,,,,,,,,,,,,,,,,,,,
,,,,,,,,,,,,,,,,,,,,
,,,,,,,,,,,,,,,,,,,,
,,,,,,,,,,,,,,,,,,,,
,,,,,,,,,,,,,,,,,,,,
,,,,,,,,,,,,,,,,,,,,
,,,,,,,,,,,,,,,,,,,,
,,,,,,,,,,,,,,,,,,,,
,,,,,,,,,,,,,,,,,,,,
,,,,,,,,,,,,,,,,,,,,
,,,,,,,,,,,,,,,,,,,,
,,,,,,,,,,,,,,,,,,,,
,,,,,,,,,,,,,,,,,,,,
,,,,,,,,,,,,,,,,,,,,
,,,,,,,,,,,,,,,,,,,,
,,,,,,,,,,,,,,,,,,,,
,,,,,,,,,,,,,,,,,,,,
,,,,,,,,,,,,,,,,,,,,
,,,,,,,,,,,,,,,,,,,,
,,,,,,,,,,,,,,,,,,,,
,,,,,,,,,,,,,,,,,,,,
,,,,,,,,,,,,,,,,,,,,
,,,,,,,,,,,,,,,,,,,,
,,,,,,,,,,,,,,,,,,,,
,,,,,,,,,,,,,,,,,,,,
,,,,,,,,,,,,,,,,,,,,
,,,,,,,,,,,,,,,,,,,,
,,,,,,,,,,,,,,,,,,,,
,,,,,,,,,,,,,,,,,,,,
,,,,,,,,,,,,,,,,,,,,
,,,,,,,,,,,,,,,,,,,,
,,,,,,,,,,,,,,,,,,,,
,,,,,,,,,,,,,,,,,,,,
,,,,,,,,,,,,,,,,,,,,
,,,,,,,,,,,,,,,,,,,,
,,,,,,,,,,,,,,,,,,,,
,,,,,,,,,,,,,,,,,,,,
,,,,,,,,,,,,,,,,,,,,
,,,,,,,,,,,,,,,,,,,,
,,,,,,,,,,,,,,,,,,,,
,,,,,,,,,,,,,,,,,,,,
,,,,,,,,,,,,,,,,,,,,
,,,,,,,,,,,,,,,,,,,,
,,,,,,,,,,,,,,,,,,,,
,,,,,,,,,,,,,,,,,,,,
,,,,,,,,,,,,,,,,,,,,
,,,,,,,,,,,,,,,,,,,,
,,,,,,,,,,,,,,,,,,,,
,,,,,,,,,,,,,,,,,,,,
,,,,,,,,,,,,,,,,,,,,
,,,,,,,,,,,,,,,,,,,,
,,,,,,,,,,,,,,,,,,,,
,,,,,,,,,,,,,,,,,,,,
,,,,,,,,,,,,,,,,,,,,
,,,,,,,,,,,,,,,,,,,,
,,,,,,,,,,,,,,,,,,,,
,,,,,,,,,,,,,,,,,,,,
,,,,,,,,,,,,,,,,,,,,
,,,,,,,,,,,,,,,,,,,,
,,,,,,,,,,,,,,,,,,,,
,,,,,,,,,,,,,,,,,,,,
,,,,,,,,,,,,,,,,,,,,
,,,,,,,,,,,,,,,,,,,,
,,,,,,,,,,,,,,,,,,,,
,,,,,,,,,,,,,,,,,,,,
,,,,,,,,,,,,,,,,,,,,
,,,,,,,,,,,,,,,,,,,,
,,,,,,,,,,,,,,,,,,,,
,,,,,,,,,,,,,,,,,,,,
,,,,,,,,,,,,,,,,,,,,
,,,,,,,,,,,,,,,,,,,,
,,,,,,,,,,,,,,,,,,,,
,,,,,,,,,,,,,,,,,,,,
,,,,,,,,,,,,,,,,,,,,
,,,,,,,,,,,,,,,,,,,,
,,,,,,,,,,,,,,,,,,,,
,,,,,,,,,,,,,,,,,,,,
,,,,,,,,,,,,,,,,,,,,
,,,,,,,,,,,,,,,,,,,,
,,,,,,,,,,,,,,,,,,,,
,,,,,,,,,,,,,,,,,,,,
,,,,,,,,,,,,,,,,,,,,
,,,,,,,,,,,,,,,,,,,,
,,,,,,,,,,,,,,,,,,,,
,,,,,,,,,,,,,,,,,,,,
,,,,,,,,,,,,,,,,,,,,
,,,,,,,,,,,,,,,,,,,,
,,,,,,,,,,,,,,,,,,,,
,,,,,,,,,,,,,,,,,,,,
,,,,,,,,,,,,,,,,,,,,
,,,,,,,,,,,,,,,,,,,,
,,,,,,,,,,,,,,,,,,,,
,,,,,,,,,,,,,,,,,,,,
,,,,,,,,,,,,,,,,,,,,
,,,,,,,,,,,,,,,,,,,,
,,,,,,,,,,,,,,,,,,,,
,,,,,,,,,,,,,,,,,,,,
,,,,,,,,,,,,,,,,,,,,
,,,,,,,,,,,,,,,,,,,,
,,,,,,,,,,,,,,,,,,,,
,,,,,,,,,,,,,,,,,,,,
,,,,,,,,,,,,,,,,,,,,
,,,,,,,,,,,,,,,,,,,,
,,,,,,,,,,,,,,,,,,,,
,,,,,,,,,,,,,,,,,,,,
,,,,,,,,,,,,,,,,,,,,
,,,,,,,,,,,,,,,,,,,,
,,,,,,,,,,,,,,,,,,,,
,,,,,,,,,,,,,,,,,,,,
,,,,,,,,,,,,,,,,,,,,
,,,,,,,,,,,,,,,,,,,,
,,,,,,,,,,,,,,,,,,,,
,,,,,,,,,,,,,,,,,,,,
,,,,,,,,,,,,,,,,,,,,
,,,,,,,,,,,,,,,,,,,,
,,,,,,,,,,,,,,,,,,,,
,,,,,,,,,,,,,,,,,,,,
,,,,,,,,,,,,,,,,,,,,
,,,,,,,,,,,,,,,,,,,,
,,,,,,,,,,,,,,,,,,,,
,,,,,,,,,,,,,,,,,,,,
,,,,,,,,,,,,,,,,,,,,
,,,,,,,,,,,,,,,,,,,,
,,,,,,,,,,,,,,,,,,,,
,,,,,,,,,,,,,,,,,,,,
,,,,,,,,,,,,,,,,,,,,
,,,,,,,,,,,,,,,,,,,,
,,,,,,,,,,,,,,,,,,,,
,,,,,,,,,,,,,,,,,,,,
,,,,,,,,,,,,,,,,,,,,
,,,,,,,,,,,,,,,,,,,,
,,,,,,,,,,,,,,,,,,,,
,,,,,,,,,,,,,,,,,,,,
,,,,,,,,,,,,,,,,,,,,
,,,,,,,,,,,,,,,,,,,,
,,,,,,,,,,,,,,,,,,,,
,,,,,,,,,,,,,,,,,,,,
,,,,,,,,,,,,,,,,,,,,
,,,,,,,,,,,,,,,,,,,,
,,,,,,,,,,,,,,,,,,,,
,,,,,,,,,,,,,,,,,,,,
,,,,,,,,,,,,,,,,,,,,
,,,,,,,,,,,,,,,,,,,,
,,,,,,,,,,,,,,,,,,,,
,,,,,,,,,,,,,,,,,,,,
,,,,,,,,,,,,,,,,,,,,
,,,,,,,,,,,,,,,,,,,,
,,,,,,,,,,,,,,,,,,,,
,,,,,,,,,,,,,,,,,,,,
,,,,,,,,,,,,,,,,,,,,
,,,,,,,,,,,,,,,,,,,,
,,,,,,,,,,,,,,,,,,,,
,,,,,,,,,,,,,,,,,,,,
,,,,,,,,,,,,,,,,,,,,
,,,,,,,,,,,,,,,,,,,,
,,,,,,,,,,,,,,,,,,,,
,,,,,,,,,,,,,,,,,,,,
,,,,,,,,,,,,,,,,,,,,
,,,,,,,,,,,,,,,,,,,,
,,,,,,,,,,,,,,,,,,,,
,,,,,,,,,,,,,,,,,,,,
,,,,,,,,,,,,,,,,,,,,
,,,,,,,,,,,,,,,,,,,,
,,,,,,,,,,,,,,,,,,,,
,,,,,,,,,,,,,,,,,,,,
,,,,,,,,,,,,,,,,,,,,
,,,,,,,,,,,,,,,,,,,,
,,,,,,,,,,,,,,,,,,,,
,,,,,,,,,,,,,,,,,,,,
,,,,,,,,,,,,,,,,,,,,
,,,,,,,,,,,,,,,,,,,,
,,,,,,,,,,,,,,,,,,,,
,,,,,,,,,,,,,,,,,,,,
,,,,,,,,,,,,,,,,,,,,
,,,,,,,,,,,,,,,,,,,,
,,,,,,,,,,,,,,,,,,,,
,,,,,,,,,,,,,,,,,,,,
,,,,,,,,,,,,,,,,,,,,
,,,,,,,,,,,,,,,,,,,,
,,,,,,,,,,,,,,,,,,,,
,,,,,,,,,,,,,,,,,,,,
,,,,,,,,,,,,,,,,,,,,
,,,,,,,,,,,,,,,,,,,,
,,,,,,,,,,,,,,,,,,,,
,,,,,,,,,,,,,,,,,,,,
,,,,,,,,,,,,,,,,,,,,
,,,,,,,,,,,,,,,,,,,,
,,,,,,,,,,,,,,,,,,,,
,,,,,,,,,,,,,,,,,,,,
,,,,,,,,,,,,,,,,,,,,
,,,,,,,,,,,,,,,,,,,,
,,,,,,,,,,,,,,,,,,,,
,,,,,,,,,,,,,,,,,,,,
,,,,,,,,,,,,,,,,,,,,
,,,,,,,,,,,,,,,,,,,,
,,,,,,,,,,,,,,,,,,,,
,,,,,,,,,,,,,,,,,,,,
,,,,,,,,,,,,,,,,,,,,
,,,,,,,,,,,,,,,,,,,,
,,,,,,,,,,,,,,,,,,,,
,,,,,,,,,,,,,,,,,,,,
,,,,,,,,,,,,,,,,,,,,
,,,,,,,,,,,,,,,,,,,,
,,,,,,,,,,,,,,,,,,,,
,,,,,,,,,,,,,,,,,,,,
,,,,,,,,,,,,,,,,,,,,
,,,,,,,,,,,,,,,,,,,,
,,,,,,,,,,,,,,,,,,,,
,,,,,,,,,,,,,,,,,,,,
,,,,,,,,,,,,,,,,,,,,
,,,,,,,,,,,,,,,,,,,,
,,,,,,,,,,,,,,,,,,,,
,,,,,,,,,,,,,,,,,,,,
,,,,,,,,,,,,,,,,,,,,
,,,,,,,,,,,,,,,,,,,,
,,,,,,,,,,,,,,,,,,,,
,,,,,,,,,,,,,,,,,,,,
,,,,,,,,,,,,,,,,,,,,
,,,,,,,,,,,,,,,,,,,,
,,,,,,,,,,,,,,,,,,,,
,,,,,,,,,,,,,,,,,,,,
,,,,,,,,,,,,,,,,,,,,
,,,,,,,,,,,,,,,,,,,,
,,,,,,,,,,,,,,,,,,,,
,,,,,,,,,,,,,,,,,,,,
,,,,,,,,,,,,,,,,,,,,
,,,,,,,,,,,,,,,,,,,,
,,,,,,,,,,,,,,,,,,,,
,,,,,,,,,,,,,,,,,,,,
,,,,,,,,,,,,,,,,,,,,
,,,,,,,,,,,,,,,,,,,,
,,,,,,,,,,,,,,,,,,,,
,,,,,,,,,,,,,,,,,,,,
,,,,,,,,,,,,,,,,,,,,
,,,,,,,,,,,,,,,,,,,,
,,,,,,,,,,,,,,,,,,,,
,,,,,,,,,,,,,,,,,,,,
,,,,,,,,,,,,,,,,,,,,
,,,,,,,,,,,,,,,,,,,,
,,,,,,,,,,,,,,,,,,,,
,,,,,,,,,,,,,,,,,,,,
,,,,,,,,,,,,,,,,,,,,
,,,,,,,,,,,,,,,,,,,,
,,,,,,,,,,,,,,,,,,,,
,,,,,,,,,,,,,,,,,,,,
,,,,,,,,,,,,,,,,,,,,
,,,,,,,,,,,,,,,,,,,,
,,,,,,,,,,,,,,,,,,,,
,,,,,,,,,,,,,,,,,,,,
,,,,,,,,,,,,,,,,,,,,
,,,,,,,,,,,,,,,,,,,,
,,,,,,,,,,,,,,,,,,,,
,,,,,,,,,,,,,,,,,,,,
,,,,,,,,,,,,,,,,,,,,
,,,,,,,,,,,,,,,,,,,,
,,,,,,,,,,,,,,,,,,,,
,,,,,,,,,,,,,,,,,,,,
,,,,,,,,,,,,,,,,,,,,
,,,,,,,,,,,,,,,,,,,,
,,,,,,,,,,,,,,,,,,,,
,,,,,,,,,,,,,,,,,,,,
,,,,,,,,,,,,,,,,,,,,
,,,,,,,,,,,,,,,,,,,,
,,,,,,,,,,,,,,,,,,,,
,,,,,,,,,,,,,,,,,,,,
,,,,,,,,,,,,,,,,,,,,
,,,,,,,,,,,,,,,,,,,,
,,,,,,,,,,,,,,,,,,,,
,,,,,,,,,,,,,,,,,,,,
,,,,,,,,,,,,,,,,,,,,
,,,,,,,,,,,,,,,,,,,,
,,,,,,,,,,,,,,,,,,,,
,,,,,,,,,,,,,,,,,,,,
,,,,,,,,,,,,,,,,,,,,
,,,,,,,,,,,,,,,,,,,,
,,,,,,,,,,,,,,,,,,,,
,,,,,,,,,,,,,,,,,,,,
,,,,,,,,,,,,,,,,,,,,
,,,,,,,,,,,,,,,,,,,,
,,,,,,,,,,,,,,,,,,,,
,,,,,,,,,,,,,,,,,,,,
,,,,,,,,,,,,,,,,,,,,
,,,,,,,,,,,,,,,,,,,,
,,,,,,,,,,,,,,,,,,,,
,,,,,,,,,,,,,,,,,,,,
,,,,,,,,,,,,,,,,,,,,
,,,,,,,,,,,,,,,,,,,,
,,,,,,,,,,,,,,,,,,,,
,,,,,,,,,,,,,,,,,,,,
,,,,,,,,,,,,,,,,,,,,
,,,,,,,,,,,,,,,,,,,,
,,,,,,,,,,,,,,,,,,,,
,,,,,,,,,,,,,,,,,,,,
,,,,,,,,,,,,,,,,,,,,
,,,,,,,,,,,,,,,,,,,,
,,,,,,,,,,,,,,,,,,,,
,,,,,,,,,,,,,,,,,,,,
,,,,,,,,,,,,,,,,,,,,
,,,,,,,,,,,,,,,,,,,,
,,,,,,,,,,,,,,,,,,,,
,,,,,,,,,,,,,,,,,,,,
,,,,,,,,,,,,,,,,,,,,
,,,,,,,,,,,,,,,,,,,,
,,,,,,,,,,,,,,,,,,,,
,,,,,,,,,,,,,,,,,,,,
,,,,,,,,,,,,,,,,,,,,
,,,,,,,,,,,,,,,,,,,,
,,,,,,,,,,,,,,,,,,,,
,,,,,,,,,,,,,,,,,,,,
,,,,,,,,,,,,,,,,,,,,
,,,,,,,,,,,,,,,,,,,,
,,,,,,,,,,,,,,,,,,,,
,,,,,,,,,,,,,,,,,,,,
,,,,,,,,,,,,,,,,,,,,
,,,,,,,,,,,,,,,,,,,,
,,,,,,,,,,,,,,,,,,,,
,,,,,,,,,,,,,,,,,,,,
,,,,,,,,,,,,,,,,,,,,
,,,,,,,,,,,,,,,,,,,,
,,,,,,,,,,,,,,,,,,,,
,,,,,,,,,,,,,,,,,,,,
,,,,,,,,,,,,,,,,,,,,
,,,,,,,,,,,,,,,,,,,,
,,,,,,,,,,,,,,,,,,,,
,,,,,,,,,,,,,,,,,,,,
,,,,,,,,,,,,,,,,,,,,
,,,,,,,,,,,,,,,,,,,,
,,,,,,,,,,,,,,,,,,,,
,,,,,,,,,,,,,,,,,,,,
,,,,,,,,,,,,,,,,,,,,
,,,,,,,,,,,,,,,,,,,,
,,,,,,,,,,,,,,,,,,,,
,,,,,,,,,,,,,,,,,,,,
,,,,,,,,,,,,,,,,,,,,
,,,,,,,,,,,,,,,,,,,,
,,,,,,,,,,,,,,,,,,,,
,,,,,,,,,,,,,,,,,,,,
,,,,,,,,,,,,,,,,,,,,
,,,,,,,,,,,,,,,,,,,,
,,,,,,,,,,,,,,,,,,,,
,,,,,,,,,,,,,,,,,,,,
,,,,,,,,,,,,,,,,,,,,
,,,,,,,,,,,,,,,,,,,,
,,,,,,,,,,,,,,,,,,,,
,,,,,,,,,,,,,,,,,,,,
,,,,,,,,,,,,,,,,,,,,
,,,,,,,,,,,,,,,,,,,,
,,,,,,,,,,,,,,,,,,,,
,,,,,,,,,,,,,,,,,,,,
,,,,,,,,,,,,,,,,,,,,
,,,,,,,,,,,,,,,,,,,,
,,,,,,,,,,,,,,,,,,,,
,,,,,,,,,,,,,,,,,,,,
,,,,,,,,,,,,,,,,,,,,
,,,,,,,,,,,,,,,,,,,,
,,,,,,,,,,,,,,,,,,,,
,,,,,,,,,,,,,,,,,,,,
,,,,,,,,,,,,,,,,,,,,
,,,,,,,,,,,,,,,,,,,,
,,,,,,,,,,,,,,,,,,,,
,,,,,,,,,,,,,,,,,,,,
,,,,,,,,,,,,,,,,,,,,
,,,,,,,,,,,,,,,,,,,,
,,,,,,,,,,,,,,,,,,,,
,,,,,,,,,,,,,,,,,,,,
,,,,,,,,,,,,,,,,,,,,
,,,,,,,,,,,,,,,,,,,,
,,,,,,,,,,,,,,,,,,,,
,,,,,,,,,,,,,,,,,,,,
,,,,,,,,,,,,,,,,,,,,
,,,,,,,,,,,,,,,,,,,,
,,,,,,,,,,,,,,,,,,,,
,,,,,,,,,,,,,,,,,,,,
,,,,,,,,,,,,,,,,,,,,
,,,,,,,,,,,,,,,,,,,,
,,,,,,,,,,,,,,,,,,,,
,,,,,,,,,,,,,,,,,,,,
,,,,,,,,,,,,,,,,,,,,
,,,,,,,,,,,,,,,,,,,,
,,,,,,,,,,,,,,,,,,,,
,,,,,,,,,,,,,,,,,,,,
,,,,,,,,,,,,,,,,,,,,
,,,,,,,,,,,,,,,,,,,,
,,,,,,,,,,,,,,,,,,,,
,,,,,,,,,,,,,,,,,,,,
,,,,,,,,,,,,,,,,,,,,
,,,,,,,,,,,,,,,,,,,,
,,,,,,,,,,,,,,,,,,,,
,,,,,,,,,,,,,,,,,,,,
,,,,,,,,,,,,,,,,,,,,
,,,,,,,,,,,,,,,,,,,,
,,,,,,,,,,,,,,,,,,,,
,,,,,,,,,,,,,,,,,,,,
,,,,,,,,,,,,,,,,,,,,
,,,,,,,,,,,,,,,,,,,,
,,,,,,,,,,,,,,,,,,,,
,,,,,,,,,,,,,,,,,,,,
,,,,,,,,,,,,,,,,,,,,
,,,,,,,,,,,,,,,,,,,,
,,,,,,,,,,,,,,,,,,,,
,,,,,,,,,,,,,,,,,,,,
,,,,,,,,,,,,,,,,,,,,
,,,,,,,,,,,,,,,,,,,,
,,,,,,,,,,,,,,,,,,,,
,,,,,,,,,,,,,,,,,,,,
,,,,,,,,,,,,,,,,,,,,
,,,,,,,,,,,,,,,,,,,,
,,,,,,,,,,,,,,,,,,,,
,,,,,,,,,,,,,,,,,,,,
,,,,,,,,,,,,,,,,,,,,
,,,,,,,,,,,,,,,,,,,,
,,,,,,,,,,,,,,,,,,,,
,,,,,,,,,,,,,,,,,,,,
,,,,,,,,,,,,,,,,,,,,
,,,,,,,,,,,,,,,,,,,,
,,,,,,,,,,,,,,,,,,,,
,,,,,,,,,,,,,,,,,,,,
,,,,,,,,,,,,,,,,,,,,
,,,,,,,,,,,,,,,,,,,,
,,,,,,,,,,,,,,,,,,,,
,,,,,,,,,,,,,,,,,,,,
,,,,,,,,,,,,,,,,,,,,
,,,,,,,,,,,,,,,,,,,,
,,,,,,,,,,,,,,,,,,,,
,,,,,,,,,,,,,,,,,,,,
,,,,,,,,,,,,,,,,,,,,
,,,,,,,,,,,,,,,,,,,,
,,,,,,,,,,,,,,,,,,,,
,,,,,,,,,,,,,,,,,,,,
,,,,,,,,,,,,,,,,,,,,
,,,,,,,,,,,,,,,,,,,,
,,,,,,,,,,,,,,,,,,,,
,,,,,,,,,,,,,,,,,,,,
,,,,,,,,,,,,,,,,,,,,
,,,,,,,,,,,,,,,,,,,,
,,,,,,,,,,,,,,,,,,,,
,,,,,,,,,,,,,,,,,,,,
,,,,,,,,,,,,,,,,,,,,
,,,,,,,,,,,,,,,,,,,,
,,,,,,,,,,,,,,,,,,,,
,,,,,,,,,,,,,,,,,,,,
,,,,,,,,,,,,,,,,,,,,
,,,,,,,,,,,,,,,,,,,,
,,,,,,,,,,,,,,,,,,,,
,,,,,,,,,,,,,,,,,,,,
,,,,,,,,,,,,,,,,,,,,
,,,,,,,,,,,,,,,,,,,,
,,,,,,,,,,,,,,,,,,,,
,,,,,,,,,,,,,,,,,,,,
,,,,,,,,,,,,,,,,,,,,
,,,,,,,,,,,,,,,,,,,,
,,,,,,,,,,,,,,,,,,,,
,,,,,,,,,,,,,,,,,,,,
,,,,,,,,,,,,,,,,,,,,
,,,,,,,,,,,,,,,,,,,,
,,,,,,,,,,,,,,,,,,,,
,,,,,,,,,,,,,,,,,,,,
,,,,,,,,,,,,,,,,,,,,
,,,,,,,,,,,,,,,,,,,,
,,,,,,,,,,,,,,,,,,,,
,,,,,,,,,,,,,,,,,,,,
,,,,,,,,,,,,,,,,,,,,
,,,,,,,,,,,,,,,,,,,,
,,,,,,,,,,,,,,,,,,,,
,,,,,,,,,,,,,,,,,,,,
,,,,,,,,,,,,,,,,,,,,
,,,,,,,,,,,,,,,,,,,,
,,,,,,,,,,,,,,,,,,,,
,,,,,,,,,,,,,,,,,,,,
,,,,,,,,,,,,,,,,,,,,
,,,,,,,,,,,,,,,,,,,,
,,,,,,,,,,,,,,,,,,,,
,,,,,,,,,,,,,,,,,,,,
,,,,,,,,,,,,,,,,,,,,
,,,,,,,,,,,,,,,,,,,,
,,,,,,,,,,,,,,,,,,,,
,,,,,,,,,,,,,,,,,,,,
,,,,,,,,,,,,,,,,,,,,
,,,,,,,,,,,,,,,,,,,,
,,,,,,,,,,,,,,,,,,,,
,,,,,,,,,,,,,,,,,,,,
,,,,,,,,,,,,,,,,,,,,
,,,,,,,,,,,,,,,,,,,,
,,,,,,,,,,,,,,,,,,,,
,,,,,,,,,,,,,,,,,,,,
,,,,,,,,,,,,,,,,,,,,
,,,,,,,,,,,,,,,,,,,,
,,,,,,,,,,,,,,,,,,,,
,,,,,,,,,,,,,,,,,,,,
,,,,,,,,,,,,,,,,,,,,
,,,,,,,,,,,,,,,,,,,,
,,,,,,,,,,,,,,,,,,,,
,,,,,,,,,,,,,,,,,,,,
,,,,,,,,,,,,,,,,,,,,
,,,,,,,,,,,,,,,,,,,,
,,,,,,,,,,,,,,,,,,,,
,,,,,,,,,,,,,,,,,,,,
,,,,,,,,,,,,,,,,,,,,
,,,,,,,,,,,,,,,,,,,,
,,,,,,,,,,,,,,,,,,,,
,,,,,,,,,,,,,,,,,,,,
,,,,,,,,,,,,,,,,,,,,
,,,,,,,,,,,,,,,,,,,,
,,,,,,,,,,,,,,,,,,,,
,,,,,,,,,,,,,,,,,,,,
,,,,,,,,,,,,,,,,,,,,
,,,,,,,,,,,,,,,,,,,,
,,,,,,,,,,,,,,,,,,,,
,,,,,,,,,,,,,,,,,,,,
,,,,,,,,,,,,,,,,,,,,
,,,,,,,,,,,,,,,,,,,,
,,,,,,,,,,,,,,,,,,,,
,,,,,,,,,,,,,,,,,,,,
,,,,,,,,,,,,,,,,,,,,
,,,,,,,,,,,,,,,,,,,,
,,,,,,,,,,,,,,,,,,,,
,,,,,,,,,,,,,,,,,,,,
,,,,,,,,,,,,,,,,,,,,
,,,,,,,,,,,,,,,,,,,,
,,,,,,,,,,,,,,,,,,,,
,,,,,,,,,,,,,,,,,,,,
,,,,,,,,,,,,,,,,,,,,
,,,,,,,,,,,,,,,,,,,,
,,,,,,,,,,,,,,,,,,,,
,,,,,,,,,,,,,,,,,,,,
,,,,,,,,,,,,,,,,,,,,
,,,,,,,,,,,,,,,,,,,,
,,,,,,,,,,,,,,,,,,,,
,,,,,,,,,,,,,,,,,,,,
,,,,,,,,,,,,,,,,,,,,
,,,,,,,,,,,,,,,,,,,,
,,,,,,,,,,,,,,,,,,,,
,,,,,,,,,,,,,,,,,,,,
,,,,,,,,,,,,,,,,,,,,
,,,,,,,,,,,,,,,,,,,,
,,,,,,,,,,,,,,,,,,,,
,,,,,,,,,,,,,,,,,,,,
,,,,,,,,,,,,,,,,,,,,
,,,,,,,,,,,,,,,,,,,,
,,,,,,,,,,,,,,,,,,,,
,,,,,,,,,,,,,,,,,,,,
,,,,,,,,,,,,,,,,,,,,
,,,,,,,,,,,,,,,,,,,,
,,,,,,,,,,,,,,,,,,,,
,,,,,,,,,,,,,,,,,,,,
,,,,,,,,,,,,,,,,,,,,
,,,,,,,,,,,,,,,,,,,,
,,,,,,,,,,,,,,,,,,,,
,,,,,,,,,,,,,,,,,,,,
,,,,,,,,,,,,,,,,,,,,
,,,,,,,,,,,,,,,,,,,,
,,,,,,,,,,,,,,,,,,,,
,,,,,,,,,,,,,,,,,,,,
,,,,,,,,,,,,,,,,,,,,
,,,,,,,,,,,,,,,,,,,,
,,,,,,,,,,,,,,,,,,,,
,,,,,,,,,,,,,,,,,,,,
,,,,,,,,,,,,,,,,,,,,
,,,,,,,,,,,,,,,,,,,,
,,,,,,,,,,,,,,,,,,,,
,,,,,,,,,,,,,,,,,,,,
,,,,,,,,,,,,,,,,,,,,
,,,,,,,,,,,,,,,,,,,,
,,,,,,,,,,,,,,,,,,,,
,,,,,,,,,,,,,,,,,,,,
,,,,,,,,,,,,,,,,,,,,
,,,,,,,,,,,,,,,,,,,,
,,,,,,,,,,,,,,,,,,,,
,,,,,,,,,,,,,,,,,,,,
,,,,,,,,,,,,,,,,,,,,
,,,,,,,,,,,,,,,,,,,,
,,,,,,,,,,,,,,,,,,,,
,,,,,,,,,,,,,,,,,,,,
,,,,,,,,,,,,,,,,,,,,
,,,,,,,,,,,,,,,,,,,,
,,,,,,,,,,,,,,,,,,,,
,,,,,,,,,,,,,,,,,,,,
,,,,,,,,,,,,,,,,,,,,
,,,,,,,,,,,,,,,,,,,,
,,,,,,,,,,,,,,,,,,,,
,,,,,,,,,,,,,,,,,,,,
,,,,,,,,,,,,,,,,,,,,
,,,,,,,,,,,,,,,,,,,,
,,,,,,,,,,,,,,,,,,,,
,,,,,,,,,,,,,,,,,,,,
,,,,,,,,,,,,,,,,,,,,
,,,,,,,,,,,,,,,,,,,,
,,,,,,,,,,,,,,,,,,,,
,,,,,,,,,,,,,,,,,,,,
,,,,,,,,,,,,,,,,,,,,
,,,,,,,,,,,,,,,,,,,,
,,,,,,,,,,,,,,,,,,,,
,,,,,,,,,,,,,,,,,,,,
,,,,,,,,,,,,,,,,,,,,
,,,,,,,,,,,,,,,,,,,,
,,,,,,,,,,,,,,,,,,,,
,,,,,,,,,,,,,,,,,,,,
,,,,,,,,,,,,,,,,,,,,
,,,,,,,,,,,,,,,,,,,,
,,,,,,,,,,,,,,,,,,,,
,,,,,,,,,,,,,,,,,,,,
,,,,,,,,,,,,,,,,,,,,
,,,,,,,,,,,,,,,,,,,,
,,,,,,,,,,,,,,,,,,,,
,,,,,,,,,,,,,,,,,,,,
,,,,,,,,,,,,,,,,,,,,
,,,,,,,,,,,,,,,,,,,,
,,,,,,,,,,,,,,,,,,,,
,,,,,,,,,,,,,,,,,,,,
,,,,,,,,,,,,,,,,,,,,
,,,,,,,,,,,,,,,,,,,,
,,,,,,,,,,,,,,,,,,,,
,,,,,,,,,,,,,,,,,,,,
,,,,,,,,,,,,,,,,,,,,
,,,,,,,,,,,,,,,,,,,,
,,,,,,,,,,,,,,,,,,,,
,,,,,,,,,,,,,,,,,,,,
,,,,,,,,,,,,,,,,,,,,
,,,,,,,,,,,,,,,,,,,,
,,,,,,,,,,,,,,,,,,,,
,,,,,,,,,,,,,,,,,,,,
,,,,,,,,,,,,,,,,,,,,
,,,,,,,,,,,,,,,,,,,,
,,,,,,,,,,,,,,,,,,,,
,,,,,,,,,,,,,,,,,,,,
,,,,,,,,,,,,,,,,,,,,
,,,,,,,,,,,,,,,,,,,,
,,,,,,,,,,,,,,,,,,,,
,,,,,,,,,,,,,,,,,,,,
,,,,,,,,,,,,,,,,,,,,
,,,,,,,,,,,,,,,,,,,,
,,,,,,,,,,,,,,,,,,,,
,,,,,,,,,,,,,,,,,,,,
,,,,,,,,,,,,,,,,,,,,
,,,,,,,,,,,,,,,,,,,,
,,,,,,,,,,,,,,,,,,,,
,,,,,,,,,,,,,,,,,,,,
,,,,,,,,,,,,,,,,,,,,
,,,,,,,,,,,,,,,,,,,,
,,,,,,,,,,,,,,,,,,,,
,,,,,,,,,,,,,,,,,,,,
,,,,,,,,,,,,,,,,,,,,
,,,,,,,,,,,,,,,,,,,,
,,,,,,,,,,,,,,,,,,,,
,,,,,,,,,,,,,,,,,,,,
,,,,,,,,,,,,,,,,,,,,
,,,,,,,,,,,,,,,,,,,,
,,,,,,,,,,,,,,,,,,,,
,,,,,,,,,,,,,,,,,,,,
,,,,,,,,,,,,,,,,,,,,
,,,,,,,,,,,,,,,,,,,,
,,,,,,,,,,,,,,,,,,,,
,,,,,,,,,,,,,,,,,,,,
,,,,,,,,,,,,,,,,,,,,
,,,,,,,,,,,,,,,,,,,,
,,,,,,,,,,,,,,,,,,,,
,,,,,,,,,,,,,,,,,,,,
,,,,,,,,,,,,,,,,,,,,
,,,,,,,,,,,,,,,,,,,,
,,,,,,,,,,,,,,,,,,,,
,,,,,,,,,,,,,,,,,,,,
,,,,,,,,,,,,,,,,,,,,
,,,,,,,,,,,,,,,,,,,,
,,,,,,,,,,,,,,,,,,,,
,,,,,,,,,,,,,,,,,,,,
,,,,,,,,,,,,,,,,,,,,
,,,,,,,,,,,,,,,,,,,,
,,,,,,,,,,,,,,,,,,,,
,,,,,,,,,,,,,,,,,,,,
,,,,,,,,,,,,,,,,,,,,
,,,,,,,,,,,,,,,,,,,,
,,,,,,,,,,,,,,,,,,,,
,,,,,,,,,,,,,,,,,,,,
,,,,,,,,,,,,,,,,,,,,
,,,,,,,,,,,,,,,,,,,,
,,,,,,,,,,,,,,,,,,,,
,,,,,,,,,,,,,,,,,,,,
,,,,,,,,,,,,,,,,,,,,
,,,,,,,,,,,,,,,,,,,,
,,,,,,,,,,,,,,,,,,,,
,,,,,,,,,,,,,,,,,,,,
,,,,,,,,,,,,,,,,,,,,
,,,,,,,,,,,,,,,,,,,,
,,,,,,,,,,,,,,,,,,,,
,,,,,,,,,,,,,,,,,,,,
,,,,,,,,,,,,,,,,,,,,
,,,,,,,,,,,,,,,,,,,,
,,,,,,,,,,,,,,,,,,,,
,,,,,,,,,,,,,,,,,,,,
,,,,,,,,,,,,,,,,,,,,
,,,,,,,,,,,,,,,,,,,,
,,,,,,,,,,,,,,,,,,,,
,,,,,,,,,,,,,,,,,,,,
,,,,,,,,,,,,,,,,,,,,
,,,,,,,,,,,,,,,,,,,,
,,,,,,,,,,,,,,,,,,,,
,,,,,,,,,,,,,,,,,,,,
,,,,,,,,,,,,,,,,,,,,
,,,,,,,,,,,,,,,,,,,,
,,,,,,,,,,,,,,,,,,,,
,,,,,,,,,,,,,,,,,,,,
,,,,,,,,,,,,,,,,,,,,
,,,,,,,,,,,,,,,,,,,,
,,,,,,,,,,,,,,,,,,,,
,,,,,,,,,,,,,,,,,,,,
,,,,,,,,,,,,,,,,,,,,
,,,,,,,,,,,,,,,,,,,,
,,,,,,,,,,,,,,,,,,,,
,,,,,,,,,,,,,,,,,,,,
,,,,,,,,,,,,,,,,,,,,
,,,,,,,,,,,,,,,,,,,,
,,,,,,,,,,,,,,,,,,,,
,,,,,,,,,,,,,,,,,,,,
,,,,,,,,,,,,,,,,,,,,
,,,,,,,,,,,,,,,,,,,,
,,,,,,,,,,,,,,,,,,,,
,,,,,,,,,,,,,,,,,,,,
,,,,,,,,,,,,,,,,,,,,
,,,,,,,,,,,,,,,,,,,,
,,,,,,,,,,,,,,,,,,,,
,,,,,,,,,,,,,,,,,,,,
,,,,,,,,,,,,,,,,,,,,
,,,,,,,,,,,,,,,,,,,,
,,,,,,,,,,,,,,,,,,,,
,,,,,,,,,,,,,,,,,,,,
,,,,,,,,,,,,,,,,,,,,
,,,,,,,,,,,,,,,,,,,,
,,,,,,,,,,,,,,,,,,,,
,,,,,,,,,,,,,,,,,,,,
,,,,,,,,,,,,,,,,,,,,
,,,,,,,,,,,,,,,,,,,,
,,,,,,,,,,,,,,,,,,,,
,,,,,,,,,,,,,,,,,,,,
,,,,,,,,,,,,,,,,,,,,
,,,,,,,,,,,,,,,,,,,,
,,,,,,,,,,,,,,,,,,,,
,,,,,,,,,,,,,,,,,,,,
,,,,,,,,,,,,,,,,,,,,
,,,,,,,,,,,,,,,,,,,,
,,,,,,,,,,,,,,,,,,,,
,,,,,,,,,,,,,,,,,,,,
,,,,,,,,,,,,,,,,,,,,
,,,,,,,,,,,,,,,,,,,,
,,,,,,,,,,,,,,,,,,,,
,,,,,,,,,,,,,,,,,,,,
,,,,,,,,,,,,,,,,,,,,
,,,,,,,,,,,,,,,,,,,,
,,,,,,,,,,,,,,,,,,,,
,,,,,,,,,,,,,,,,,,,,
,,,,,,,,,,,,,,,,,,,,
,,,,,,,,,,,,,,,,,,,,
,,,,,,,,,,,,,,,,,,,,
,,,,,,,,,,,,,,,,,,,,
,,,,,,,,,,,,,,,,,,,,
,,,,,,,,,,,,,,,,,,,,
,,,,,,,,,,,,,,,,,,,,
,,,,,,,,,,,,,,,,,,,,
