0,6.659296497,26.63718599,59.93366847,106.548744,166.4824124,239.7346739,326.3055284,426.1949758,539.4030183,665.9296498,805.7749086,958.9386956,1125.421108,1305.222113,1498.341725,1704.779904,1924.536688,2157.612065,2404.006036,2663.718599
1.785846848,8.468870348,28.49556842,61.86285314,108.5676366,168.6068308,241.9773479,328.6761,428.699999,542.0394979,668.6722138,808.5973716,961.817349,1128.351192,1308.216375,1501.420036,1707.962805,1927.842546,2161.05546,2407.596245,2667.458587
3.643126062,10.35101639,30.42892291,63.87056324,110.669655,170.8199157,244.3150631,331.1488146,431.314888,544.7937924,671.5398303,811.551475,964.8337154,1131.425303,1311.361903,1504.658085,1711.315205,1931.328916,2164.691535,2411.392282,2671.418244
5.571834409,12.3057292,32.43724116,65.95678654,112.8547816,173.1216425,246.7477856,333.723627,434.0395831,547.6658242,674.5323997,814.6370921,967.9876371,1134.643247,1314.658469,1508.055602,1714.836794,1934.995447,2168.519894,2415.393706,2675.597083
7.571970193,14.33300595,34.52051882,68.12151661,115.1230071,175.5119982,249.2754977,336.4005133,436.8740529,550.655553,677.6498698,817.8541565,971.2790313,1138.004925,1318.105952,1511.612446,1718.527409,1938.841952,2172.540329,2419.600284,2679.99485
9.643532239,16.43284467,36.67875286,70.36474901,117.4743253,177.9909739,251.8981871,339.179457,439.8182758,553.7629506,680.8922043,821.2026222,974.7078404,1141.510267,1321.704269,1515.32852,1722.386938,1942.868304,2176.752696,2424.011858,2684.611369
11.78651965,18.60524385,38.91194098,72.68648033,119.9087312,180.5585628,254.6158445,342.0604456,442.8722353,556.9879954,684.2593754,824.6824539,978.2740206,1145.159218,1325.453356,1519.203749,1726.415294,1947.074403,2181.156884,2428.628303,2689.446506
14.00093168,20.85020226,41.2200813,75.08670779,122.4262208,183.2147592,257.4284622,345.0434687,446.0359177,560.3306699,687.7513606,828.2936229,981.9775361,1148.951735,1329.353161,1523.238072,1730.612407,1951.460172,2185.752803,2433.44952,2694.50015
16.28676773,23.16771889,43.60317223,77.56542909,125.0267908,185.9595585,260.3360338,348.1285178,449.3093118,563.7909595,691.368141,832.0361053,985.818357,1152.887782,1333.40364,1527.431438,1734.978218,1956.025541,2190.540378,2438.475426,2699.772208
18.64402727,25.55779283,46.06121243,80.12264219,127.7104382,188.7929567,263.3385537,351.3155853,452.6924078,567.3688514,695.1097002,835.9098801,989.7964572,1156.967327,1337.604755,1531.783802,1739.512676,1960.770454,2195.519544,2443.705947,2705.262603
21.07270983,28.02042331,48.59420069,82.75834535,130.4771607,191.7149502,266.4360171,354.6046649,456.185197,571.0643346,698.9760238,839.9149291,993.9118141,1161.190342,1341.956474,1536.295126,1744.215737,1965.694859,2200.690244,2449.141021,2710.971263
23.57281498,30.55560964,51.20213594,85.47253699,133.3269559,194.7255357,269.6284196,357.9957506,459.7876718,574.8773989,702.967099,844.0512362,998.1644073,1165.556802,1346.458767,1540.965376,1749.087361,1970.798711,2206.052426,2454.78059,2716.898127
26.14434237,33.16335118,53.88501722,88.26521568,136.2598217,197.8247105,272.9157573,361.4888372,463.4998253,578.8080355,707.0829143,848.3187864,1002.554219,1170.066686,1351.111607,1545.794519,1754.127511,1976.081969,2211.606044,2460.624603,2723.043137
28.78729164,35.84364736,56.64284365,91.13638014,139.2757564,201.012472,276.2980266,365.0839198,467.3216512,582.8562362,711.323459,852.7175665,1007.081231,1174.719972,1355.91497,1550.782529,1759.336155,1981.544597,2217.351057,2466.673013,2729.406243
31.50166248,38.59649765,59.47561443,94.08602916,142.3747582,204.2888178,279.7752243,368.7809942,471.2531436,587.0219935,715.6887236,857.2475642,1011.74543,1179.516643,1360.868834,1555.929378,1764.713263,1987.186558,2223.287426,2472.925779,2735.987398
34.2874546,41.42190158,62.38332882,97.11416167,145.5568255,207.6537456,283.3473474,372.5800561,475.2942972,591.3053004,720.1786991,861.9087681,1016.5468,1184.45668,1365.973178,1561.235042,1770.258807,1993.007823,2229.415115,2479.382859,2742.786558
37.14466774,44.31985868,65.36598611,100.2207766,148.8219568,211.1072534,287.0143929,376.4811019,479.4451071,595.7061505,724.7933772,866.7011677,1021.485329,1189.540068,1371.227982,1566.699499,1775.97276,1999.00836,2235.734091,2486.044218,2749.803682
40.07330163,47.29036855,68.42358566,103.4058731,152.1701509,214.6493393,290.7763583,380.484128,483.7055686,600.2245377,729.53275,871.624753,1026.561004,1194.766792,1376.63323,1572.322729,1781.8551,2005.188144,2242.244324,2492.909821,2757.038733
43.07335605,50.33343077,71.55612687,106.6694501,155.6014064,218.2800014,294.6332411,384.5891311,488.0756773,604.8604565,734.3968104,876.6795148,1031.773814,1200.136837,1382.188904,1578.104711,1787.905803,2011.547148,2248.945784,2499.979635,2764.491676
46.14483076,53.44904498,74.76360916,110.011507,159.1157221,221.9992382,298.5850389,388.796108,492.5554291,609.6139014,739.3855515,881.8654444,1037.123748,1205.650191,1387.894988,1584.045426,1794.124847,2018.085348,2255.838444,2507.253631,2772.162477
49.28772557,56.63721083,78.046032,113.4320428,162.7130968,225.8070479,302.6317497,393.1050559,497.1448202,614.4848675,744.4989667,887.1825336,1042.610796,1211.306841,1393.751468,1590.144859,1800.512214,2024.80272,2262.922278,2514.73178,2780.051104
52.50204027,59.89792799,81.40339487,116.9310568,166.3935296,229.7034291,306.7733713,397.5159719,501.8438468,619.4733499,749.73705,892.6307745,1048.234948,1217.106775,1399.758329,1596.402991,1807.067883,2031.699244,2270.197262,2522.414054,2788.157528
55.78777467,63.23119613,84.83569729,120.5085483,170.1570193,233.6883804,311.0099017,402.0288533,506.6525055,624.5793443,755.0997955,898.2101599,1053.996194,1223.049982,1405.915559,1602.819807,1813.791836,2038.774898,2277.663373,2530.300428,2796.48172
59.14492859,66.63701496,88.3429388,124.1645166,174.0035649,237.7619002,315.341339,406.6436978,511.570793,629.8028461,760.5871976,903.9206825,1059.894527,1229.136451,1412.223143,1609.395292,1820.684057,2046.029663,2285.320587,2538.390876,2805.023654
62.57350187,70.11538418,91.92511895,127.8989611,177.9331656,241.9239874,319.7676815,411.3605027,516.598706,635.1438514,766.1992511,909.7623357,1065.929936,1235.366172,1418.68107,1616.129432,1827.744528,2053.46352,2293.168885,2546.685377,2813.783303
66.07349432,73.66630352,95.58223732,131.7118812,181.9458205,246.1746407,324.2889274,416.1792659,521.7362416,640.6023562,771.9359509,915.7351129,1072.102416,1241.739134,1425.289329,1623.022214,1834.973234,2061.076451,2301.208247,2555.183906,2822.760642
69.64490581,77.28977272,99.3142935,135.6032761,186.0415286,250.5138589,328.9050751,421.0999851,526.9833969,646.1783567,777.7972921,921.8390081,1078.411957,1248.25533,1432.047907,1630.073623,1842.37016,2068.868439,2309.438651,2563.886443,2831.955649
73.28773617,80.98579153,103.1212871,139.5731455,190.2202892,254.9416408,333.616123,426.1226581,532.3401689,651.8718493,783.7832701,928.0740154,1084.858552,1254.914749,1438.956795,1637.283648,1849.935291,2076.839467,2317.860081,2572.792967,2841.3683
77.00198526,84.7543597,107.0032178,143.6214887,194.4821015,259.4579854,338.4220695,431.2472831,537.8065552,657.6828306,789.8938803,934.4401289,1091.442194,1261.717383,1446.015981,1644.652275,1857.668613,2084.98952,2326.472519,2581.903458,2850.998573
80.78765294,88.59547699,110.9600851,147.7483051,198.8269646,264.0628915,343.3229133,436.4738579,543.382553,663.6112971,796.1291185,940.9373432,1098.162878,1268.663223,1453.225457,1652.179495,1865.570113,2093.318581,2335.275946,2591.217897,2860.846449
84.64473907,92.50914318,114.9918888,151.9535944,203.254878,268.7563581,348.3186529,441.8023807,549.0681598,669.6572456,802.4889804,947.565653,1105.020594,1275.752262,1460.585212,1659.865295,1873.639778,2101.826637,2344.270347,2600.736266,2870.911905
88.57324353,96.49535805,119.0986286,156.2373559,207.7658408,273.5383842,353.4092869,447.2328497,554.8633733,675.820673,808.9734621,954.3250533,1112.015339,1282.984492,1468.095237,1667.709665,1881.877596,2110.513674,2353.455705,2610.458546,2881.194923
92.57316619,100.5541214,123.280304,160.5995892,212.3598524,278.4089689,358.594814,452.765263,560.7681912,682.1015763,815.5825597,961.215539,1119.147104,1290.359906,1475.755523,1675.712593,1890.283553,2119.379676,2362.832005,2620.384721,2891.695484
96.64450693,104.685433,127.5369147,165.0402939,217.0369122,283.3681113,363.875233,458.3996191,566.7826111,688.4999526,822.3162693,968.2371054,1126.415885,1297.878495,1483.566062,1683.874071,1898.857639,2128.424632,2372.399232,2630.514774,2902.413569
100.7872656,108.8892927,131.8684606,169.5594695,221.7970194,288.4158104,369.2505426,464.1359161,572.906631,695.015799,829.1745875,975.3897478,1133.821675,1305.540253,1491.526845,1692.194088,1907.599843,2137.648528,2382.157372,2640.848688,2913.349161
105.0014422,113.1657002,136.2749412,174.1571155,226.6401734,293.5520653,374.7207416,469.9741526,579.1402486,701.6491128,836.1575105,982.6734618,1141.36447,1313.345174,1499.637864,1700.672634,1916.510152,2147.051351,2392.10641,2651.386448,2924.502242
109.2870364,117.5146555,140.7563563,178.8332316,231.5663737,298.7768753,380.2858289,475.9143269,585.483462,708.3998914,843.2650351,990.0882431,1149.044263,1321.29325,1507.89911,1709.3097,1925.588557,2156.63309,2402.246333,2662.12804,2935.872796
113.6440483,121.9361582,145.3127057,183.5878173,236.5756197,304.0902395,385.9458032,481.9564376,591.9362691,715.2681321,850.4971578,997.6340873,1156.861049,1329.384475,1516.310578,1718.105278,1934.835047,2166.393733,2412.577127,2673.073447,2947.460807
118.0724777,126.4302083,149.9439889,188.4208722,241.6679107,309.492157,391.7006636,488.1004831,598.4986681,722.2538325,857.8538755,1005.31099,1164.814823,1337.618843,1524.872258,1727.059359,1944.249613,2176.333267,2423.09878,2684.222656,2959.266259
122.5723246,130.9968055,154.6502059,193.332396,246.8432463,314.9826272,397.550409,494.3464621,605.1706569,729.3569901,865.335185,1013.118948,1172.90558,1345.996348,1533.584144,1736.171933,1953.832243,2186.451683,2433.811279,2695.575654,2971.289136
127.1435887,135.6359498,159.4313563,198.3223883,252.1016259,320.5616493,403.4950383,500.6943732,611.9522339,736.5776025,872.9410832,1021.057957,1181.133316,1354.516984,1542.446228,1745.442994,1963.58293,2196.74897,2444.714612,2707.132425,2983.529424
131.7862701,140.3476408,164.2874398,203.3908487,257.443049,326.2292224,409.5345505,507.1442149,618.8433972,743.9156674,880.6715671,1029.128013,1189.498025,1363.180745,1551.458504,1754.872532,1973.501663,2207.225116,2455.808767,2718.892958,2995.987109
136.5003686,145.1318786,169.2184563,208.5377768,262.867515,331.985346,415.6689446,513.695986,625.844145,751.3711826,888.5266339,1037.329113,1197.999703,1371.987625,1560.620965,1764.46054,1983.588433,2217.880111,2467.093732,2730.857239,3008.662175
141.2858841,149.9886628,174.2244055,213.7631724,268.3750235,337.8300192,421.8982197,520.3496851,632.9544757,758.9441458,896.5062806,1045.661252,1206.638346,1380.937619,1569.933605,1774.20701,1993.843232,2228.713946,2478.569497,2743.025255,3021.554609
146.1428166,154.9179935,179.3052872,219.067035,273.965574,343.7632415,428.2223748,527.1053111,640.1743876,766.6345549,904.6105046,1054.124428,1215.413948,1390.030722,1579.396417,1784.111935,2004.266051,2239.72661,2490.236049,2755.396996,3034.664398
151.0711659,159.9198703,184.4611011,224.4493643,279.6391659,349.7850122,434.641409,533.9628626,647.503879,774.4424078,912.8393031,1062.718637,1224.326507,1399.266929,1589.009395,1794.175308,2014.856882,2250.918094,2502.093379,2767.972447,3047.991529
156.070932,164.9942933,189.691847,229.91016,285.3957989,355.8953305,441.1553215,540.9223386,654.9429485,782.3677024,921.1926735,1071.443875,1233.376017,1408.646234,1598.772532,1804.397121,2025.615716,2262.288388,2514.141476,2780.751598,3061.535988
161.1421148,170.1412622,194.9975248,235.4494218,291.2354725,362.0941959,447.7641112,547.9837377,662.4915945,790.4104368,929.6706131,1080.30014,1242.562474,1418.168632,1608.685823,1814.777367,2036.542545,2273.837484,2526.380329,2793.734438,3075.297764
166.2847142,175.3607769,200.3781341,241.0671494,297.1581861,368.3816077,454.4677775,555.1470589,670.1498153,798.570609,938.2731196,1089.287428,1251.885875,1427.834118,1618.749263,1825.31604,2047.637362,2285.565373,2538.809928,2806.920955,3089.276843
171.4987301,180.6528372,205.8336749,246.7633425,303.1639395,374.7575653,461.2663193,562.412301,677.9176097,806.848217,947.0001903,1098.405735,1261.346216,1437.642689,1628.962845,1836.013133,2058.900158,2297.472045,2551.430264,2820.311138,3103.473214
176.7841625,186.0174431,211.3641468,252.5380007,309.2527321,381.2220682,468.1597361,569.7794629,685.7949761,815.2432591,955.8518229,1107.65506,1270.943492,1447.594338,1639.326563,1846.868639,2070.330927,2309.557493,2564.241328,2833.904976,3117.886865
182.1410112,191.4545944,216.9695497,258.3911239,315.4245636,387.7751157,475.1480268,577.2485436,693.781913,823.7557332,964.828015,1117.035398,1280.6777,1457.689062,1649.840413,1857.882553,2081.92966,2321.821707,2577.243108,2847.702459,3132.517785
187.5692762,196.964291,222.6498834,264.3227116,321.6794335,394.4167072,482.2311907,584.819542,701.8784192,832.3856377,973.9287643,1126.546747,1290.548837,1467.926856,1660.504388,1869.054867,2093.696351,2334.26468,2590.435597,2861.703577,3147.365961
193.0689575,202.5465327,228.4051477,270.3327636,328.0173415,401.1468423,489.4092271,592.4924571,710.0844932,841.1329708,983.1540684,1136.189105,1300.556898,1478.307715,1671.318485,1880.385575,2105.630993,2346.886403,2603.818785,2875.90832,3162.431384
198.6400549,208.2013195,234.2353425,276.4212797,334.4382871,407.9655203,496.6821352,600.2672878,718.4001337,849.9977307,992.5039253,1145.962467,1310.70188,1488.831635,1682.282696,1891.874672,2117.733578,2359.686869,2617.392664,2890.316677,3177.714042
204.2825684,213.9286512,240.1404675,282.5882596,340.9422699,414.8727407,504.0499143,608.1440331,726.8253394,858.9799158,1001.978333,1155.866832,1320.98378,1499.498613,1693.397019,1903.522152,2130.0041,2372.666069,2631.157224,2904.928639,3193.213925
209.9964978,219.7285277,246.1205225,288.833703,347.5292896,421.868503,511.5125636,616.1226921,735.3601091,868.0795243,1011.577288,1165.902196,1331.402595,1510.308643,1704.661447,1915.328008,2142.442552,2385.823997,2645.112457,2919.744197,3208.931021
215.7818433,225.6009488,252.1755075,295.1576096,354.1993458,428.9528066,519.0700824,624.2032639,744.0044413,877.2965547,1021.30079,1176.068558,1341.95832,1521.261723,1716.075975,1927.292236,2155.048928,2399.160645,2659.258354,2934.763341,3224.865322
221.6386045,231.5459146,258.3054221,301.5599793,360.9524382,436.1256511,526.7224701,632.3857473,752.758335,886.6310053,1031.148836,1186.365913,1352.650953,1532.357847,1727.6406,1939.414829,2167.823221,2412.676005,2673.594908,2949.986062,3241.016816
227.5667816,237.5634248,264.5102663,308.0408117,367.7885664,443.3870359,534.4697258,640.6701417,761.6217889,896.0828745,1041.121424,1196.794261,1363.48049,1543.597011,1739.355316,1951.695783,2180.765424,2426.37007,2688.12211,2965.412352,3257.385495
233.5663745,243.6534794,270.7900399,314.6001066,374.7077299,450.7369606,542.3118491,649.0564459,770.5948018,905.6521609,1051.218553,1207.353597,1374.446929,1554.979213,1751.220118,1964.135091,2193.875532,2440.242833,2702.839953,2981.0422,3273.971347
239.637383,249.8160782,277.1447427,321.2378637,381.7099286,458.1754246,550.248839,657.5446592,779.6773725,915.3388628,1061.440219,1218.043921,1385.550266,1566.504448,1763.235002,1976.732748,2207.153539,2454.294287,2717.748428,2996.875598,3290.774364
245.7798071,256.0512212,283.5743745,327.9540829,388.795162,465.7024275,558.2806952,666.1347807,788.8694998,925.1429788,1071.786422,1228.865228,1396.790498,1578.172713,1775.399964,1989.488749,2220.599437,2468.524426,2732.847528,3012.912539,3307.794536
251.9936468,262.3589082,290.0789353,334.7487639,395.9634298,473.3179688,566.4074168,674.8268095,798.1711827,935.0645074,1082.257159,1239.817518,1408.167622,1589.984003,1787.715,2002.40309,2234.213223,2482.933242,2748.137245,3029.153013,3325.031854
258.278902,268.7391391,296.6584248,341.6219064,403.2147317,481.0220481,574.6290032,683.6207447,807.5824199,945.1034472,1092.852428,1250.900787,1419.681635,1601.938316,1800.180104,2015.475764,2247.994889,2497.52073,2763.617572,3045.597012,3342.486309
264.6355726,275.1919139,303.3128428,348.5735103,410.5490673,488.8146649,582.9454539,692.5165855,817.1032105,955.2597967,1103.572228,1262.115033,1431.332534,1614.035647,1812.795273,2028.706768,2261.94443,2512.286881,2779.288502,3062.244529,3360.157892
271.0636586,281.7172324,310.0421893,355.6035753,417.9664364,496.6958187,591.3567682,701.5143311,826.7335533,965.5335545,1114.416557,1273.460254,1443.120317,1626.275993,1825.560503,2042.096096,2276.06184,2527.231691,2795.150027,3079.095554,3378.046594
277.5631599,288.3150946,316.8464641,362.7121012,425.4668386,504.6655091,599.8629455,710.6139807,836.4734473,975.9247192,1125.385413,1284.936447,1455.04498,1638.659351,1838.475789,2055.643743,2290.347114,2542.355153,2811.202139,3096.150081,3396.152406
284.1340764,294.9855003,323.7256671,369.8990877,433.0502736,512.7237357,608.4639852,719.8155334,846.3228914,986.4332895,1136.478794,1296.543611,1467.106521,1651.185718,1851.541127,2069.349704,2304.800246,2557.65726,2827.444834,3113.408101,3414.47532
290.7764082,301.7284495,330.679798,377.1645348,440.7167411,520.870498,617.1598868,729.1189886,856.2818845,997.0592641,1147.696698,1308.281743,1479.304937,1663.855089,1864.756514,2083.213976,2319.421232,2573.138006,2843.878102,3130.869607,3433.015328
297.4901551,308.543942,337.7088568,384.5084421,448.4662408,529.1057957,625.9506496,738.5243453,866.3504257,1007.802642,1159.039125,1320.150841,1491.640225,1676.667462,1878.121946,2097.236553,2334.210065,2588.797386,2860.501938,3148.534591,3451.772421
304.2753171,315.4319778,344.8128433,391.9308094,456.2987724,537.4296283,634.8362731,748.031603,876.5285139,1018.663421,1170.506072,1332.150903,1504.112383,1689.622834,1891.637418,2111.417431,2349.16674,2604.635394,2877.316335,3166.403046,3470.746591
311.1318941,322.3925568,351.9917574,399.4316367,464.2143357,545.8419954,643.8167567,757.6407607,886.8161483,1029.6416,1182.097537,1344.281927,1516.721408,1702.7212,1905.302927,2125.756605,2364.291253,2620.652023,2894.321286,3184.474965,3489.93783
318.0598861,329.4256789,359.2455989,407.0109235,472.2129303,554.3428966,652.8920999,767.3518178,897.2133276,1040.737178,1193.813519,1356.54391,1529.467297,1715.962559,1919.118469,2140.254071,2379.583598,2636.847268,2911.516785,3202.75034,3509.34613
325.0592931,336.531344,366.5743677,414.6686698,480.2945559,562.9323315,662.0623022,777.1647735,907.7200512,1051.950155,1205.654016,1368.936851,1542.350049,1729.346907,1933.08404,2154.909825,2395.04377,2653.221123,2928.902826,3221.229164,3528.971484
332.1301149,343.709552,373.9780637,422.4048754,488.4592123,571.6102997,671.3273629,787.0796272,918.3363179,1063.280528,1217.619027,1381.460748,1555.369659,1742.874241,1947.199638,2169.723862,2410.671765,2669.773582,2946.479401,3239.91143,3548.813883
339.2723516,350.9603029,381.4566868,430.21954,496.7068992,580.3768008,680.6872816,797.096378,929.0621268,1074.728296,1229.70855,1394.115598,1568.526127,1756.544558,1961.465257,2184.696179,2426.467577,2686.504641,2964.246505,3258.797131,3568.87332
346.4860031,358.2835964,389.0102368,438.1126636,505.0376163,589.2318345,690.1420577,807.2150254,939.8974771,1086.293458,1241.922584,1406.9014,1581.819449,1770.357855,1975.880895,2199.82677,2442.431202,2703.414293,2982.204133,3277.886261,3589.149788
353.7710693,365.6794327,396.6387135,446.0842458,513.4513634,598.1754004,699.6916908,817.4355686,950.8423677,1097.976014,1254.261127,1419.818152,1595.249623,1784.314129,1990.446548,2215.115633,2458.562634,2720.502534,3000.352277,3297.178813,3609.643278
361.1275501,373.1478116,404.342117,454.1342865,521.9481401,607.207498,709.3361802,827.7580069,961.8967979,1109.775961,1266.724177,1432.865851,1608.816647,1798.413377,2005.162213,2230.562762,2474.86187,2737.769357,3018.690931,3316.67478,3630.353785
368.5554456,380.6887329,412.120447,462.2627855,530.5279463,616.3281271,719.0755256,838.1823396,973.0607667,1121.693299,1279.311734,1446.044497,1622.520519,1812.655596,2020.027886,2246.168154,2491.328905,2755.214758,3037.220091,3336.374155,3651.2813
376.0547557,388.3021967,419.9737034,470.4697427,539.1907817,625.5372873,728.9097265,848.7085661,984.3342733,1133.728027,1292.023795,1459.354086,1636.361235,1827.040784,2035.043563,2261.931805,2507.963733,2772.838731,3055.939749,3356.276932,3672.425816
383.6254804,395.9882028,427.9018861,478.7551579,547.936646,634.8349782,738.8387822,859.3366858,995.7173168,1145.880143,1304.860359,1472.794618,1650.338794,1841.568938,2050.209243,2277.853711,2524.766352,2790.641272,3074.849901,3376.383105,3693.787327
391.2676195,403.7467513,435.904995,487.1190309,556.765539,644.2211994,748.8626924,870.066698,1007.209896,1158.149646,1317.821425,1486.366091,1664.453194,1856.240054,2065.52492,2293.933868,2541.736755,2808.622375,3093.95054,3396.692668,3715.365825
398.9811731,411.5778419,443.98303,495.5613614,565.6774603,653.6959507,758.9814566,880.898602,1018.812011,1170.536536,1330.906992,1500.068502,1678.704432,1871.054131,2080.990593,2310.172273,2558.87494,2826.782035,3113.241661,3417.205613,3737.161305
406.7661411,419.4814746,452.1359909,504.0821495,574.6724099,663.2592317,769.1950743,891.8323972,1030.52366,1183.04081,1344.117057,1513.90185,1693.092506,1886.011165,2096.606257,2326.568921,2576.1809,2845.120248,3132.723259,3437.921936,3759.173758
414.6225235,427.4576494,460.3638776,512.6813948,583.7503874,672.9110419,779.503545,902.868083,1042.344843,1195.662469,1357.45162,1527.866133,1707.617413,1901.111154,2112.37191,2343.123809,2593.654633,2863.637008,3152.395328,3458.841629,3781.403178
422.5503202,435.5063661,468.6666901,521.3590972,592.9113926,682.6513812,789.9068683,914.0056588,1054.275558,1208.401511,1370.910679,1541.96135,1722.279153,1916.354095,2128.287549,2359.836933,2611.296134,2882.332311,3172.257862,3479.964688,3803.849559
430.5495311,443.6276247,477.0444282,530.1152566,602.1554252,692.4802492,800.4050437,925.2451239,1066.315805,1221.257935,1384.494234,1556.187498,1737.077722,1931.739986,2144.35317,2376.708291,2629.105399,2901.206152,3192.310857,3501.291105,3826.512894
438.6201563,451.8214252,485.4970918,538.9498728,611.4824851,702.3976454,810.9980708,936.5864778,1078.465583,1234.23174,1398.202281,1570.544577,1752.013119,1947.268824,2160.56877,2393.737877,2647.082424,2920.258526,3212.554307,3522.820875,3849.393176
446.7621956,460.0877674,494.0246807,547.8629456,620.8925719,712.4035697,821.6859491,948.0297199,1090.724892,1247.322925,1412.034821,1585.032584,1767.085341,1962.940607,2176.934347,2410.925688,2665.227204,2939.489429,3232.988206,3544.553993,3872.4904
454.9756492,468.4266513,502.627195,556.8544748,630.3856855,722.4980217,832.4686782,959.5748495,1103.09373,1260.531488,1425.991852,1599.651517,1782.294387,1978.755332,2193.449897,2428.271722,2683.539735,2958.898856,3253.61255,3566.490453,3895.804559
463.2605168,476.8380769,511.3046344,565.9244604,639.9618257,732.6810011,843.3462577,971.2218662,1115.572098,1273.85743,1440.073373,1614.401376,1797.640254,1994.712996,2210.115418,2445.775975,2702.020015,2978.486803,3274.427334,3588.630248,3919.335647
471.6167985,485.3220439,520.056999,575.0729021,649.6209921,742.9525076,854.318687,982.9707692,1128.159993,1287.300749,1454.279382,1629.282158,1813.12294,2010.813597,2226.930906,2463.438442,2720.668038,2998.253264,3295.432551,3610.973373,3943.083657
480.0444942,493.8785525,528.8842884,584.2997999,659.3631847,753.3125408,865.3859659,994.8215581,1140.857415,1300.861444,1468.609878,1644.293863,1828.742444,2027.057133,2243.896359,2481.259121,2739.4838,3018.198237,3316.628199,3633.519823,3967.048584
488.5436038,502.5076024,537.7865028,593.6051535,669.1884031,763.7611004,876.5480939,1006.774232,1153.664364,1314.539513,1483.06486,1659.436487,1844.498763,2043.443602,2261.011773,2499.238009,2758.467299,3038.321715,3338.014271,3656.269593,3991.230421
497.1141275,511.2091938,546.7636419,602.9889628,679.0966472,774.2981862,887.8050706,1018.828791,1166.580839,1328.334957,1497.644327,1674.710031,1860.391896,2059.973,2278.277147,2517.375102,2777.61853,3058.623695,3359.590762,3679.222676,4015.629163
505.756065,519.9833263,555.8157057,612.4512276,689.0879168,784.9237979,899.1568955,1030.985234,1179.606839,1342.247774,1512.348277,1690.114491,1876.42184,2076.645327,2295.692476,2535.670397,2796.937489,3079.104173,3381.357669,3702.379068,4040.244803
514.4694164,528.8300002,564.942694,621.9919478,699.1622116,795.6379351,910.6035682,1043.243561,1192.742363,1356.277963,1527.17671,1705.649868,1892.588594,2093.460578,2313.257759,2554.123891,2816.424173,3099.763144,3403.314985,3725.738763,4065.077336
523.2541816,537.7492151,574.1446068,631.6111233,709.3195314,806.4405975,922.1450884,1055.603771,1205.987411,1370.425524,1542.129624,1721.316158,1908.892155,2110.418753,2330.972993,2572.73558,2836.078577,3120.600605,3425.462707,3749.301756,4090.126756
532.1103606,546.7409711,583.421444,641.3087539,719.559876,817.3317849,933.7814557,1068.065863,1219.341982,1384.690455,1557.207017,1737.113362,1925.332523,2127.519848,2348.838175,2591.505461,2855.900699,3141.61655,3447.80083,3773.068042,4115.393058
541.0379534,555.8052682,592.7732054,651.0848395,729.8832452,828.311497,945.5126696,1080.629837,1232.806075,1399.072755,1572.40889,1753.041476,1941.909694,2144.763862,2366.853302,2610.433531,2875.890535,3162.810976,3470.329348,3797.037615,4140.876235
550.0369599,564.9421062,602.199891,660.9393799,740.2896389,839.3797336,957.3387298,1093.295693,1246.37969,1413.572424,1587.73524,1769.100501,1958.623668,2162.150792,2385.018371,2629.519788,2896.04808,3184.183879,3493.048258,3821.210471,4166.576282
559.10738,574.1514852,611.7015007,670.872375,750.7790567,850.5364942,969.2596359,1106.06343,1260.062826,1428.189461,1603.186066,1785.290433,1975.474443,2179.680636,2403.333381,2648.764227,2916.373332,3205.735255,3515.957555,3845.586604,4192.493193
568.2492138,583.4334049,621.2780343,680.8838247,761.3514986,861.7817786,981.2753874,1118.933048,1273.855482,1442.923864,1618.761368,1801.611273,1992.462016,2197.353392,2421.798328,2668.166846,2936.866287,3227.4651,3539.057235,3870.166009,4218.626964
577.4624612,592.7878654,630.9294919,690.9737288,772.0069643,873.1155866,993.3859841,1131.904545,1287.757657,1457.775634,1634.461144,1818.063018,2009.586385,2215.169058,2440.413209,2687.727643,2957.526942,3249.373409,3562.347292,3894.948683,4244.977588
586.7471222,602.2148667,640.6558733,701.1420871,782.7454536,884.537918,1005.591426,1144.977922,1301.769352,1472.744769,1650.285393,1834.645667,2026.84755,2233.127631,2459.178024,2707.446613,2978.355293,3271.46018,3585.827723,3919.934618,4271.54506
596.1031967,611.7144086,650.4571783,711.3888996,793.5669663,896.0487723,1017.891711,1158.153177,1315.890564,1487.831267,1666.234115,1851.359219,2044.245509,2251.22911,2478.092767,2727.323754,2999.351336,3293.725407,3609.498523,3945.123812,4298.329376
605.5306846,621.2864911,660.333407,721.7141661,804.4715023,907.6481493,1030.286841,1171.430312,1330.121294,1503.03513,1682.307307,1868.203673,2061.780259,2269.473493,2497.157438,2747.359063,3020.515069,3316.169088,3633.359688,3970.516258,4325.330528
615.0295861,630.9311142,670.2845592,732.1178865,815.4590613,919.3360489,1042.776815,1184.809324,1344.461541,1518.356355,1698.504969,1885.179026,2079.451799,2287.860776,2516.372034,2767.552537,3041.846487,3338.791218,3657.411214,3996.111953,4352.548514
624.599901,640.6482777,680.3106349,742.6000606,826.5296432,931.1124707,1055.361631,1198.290213,1358.911305,1533.794941,1714.8271,1902.285278,2097.260127,2306.390959,2535.736553,2787.904174,3063.345589,3361.591793,3681.653096,4021.910891,4379.983326
634.2416292,650.4379817,690.4116339,753.1606884,837.6832477,942.9774144,1068.041291,1211.87298,1373.470584,1549.350889,1731.273699,1919.522427,2115.205242,2325.06404,2555.250991,2808.41397,3085.012369,3384.570811,3706.08533,4047.913068,4407.63496
643.9547709,660.300226,700.5875561,763.7997696,848.9198747,954.9308799,1080.815793,1225.557623,1388.139378,1565.024197,1747.844764,1936.890472,2133.287142,2343.880015,2574.915346,2829.081923,3106.846826,3407.728266,3730.707912,4074.118479,4435.503412
653.7393258,670.2350106,710.8384016,774.5173042,860.2395241,966.9728667,1093.685138,1239.344143,1402.917687,1580.814864,1764.540295,1954.389412,2151.505826,2362.838884,2594.729617,2849.908029,3128.848956,3431.064156,3755.520839,4100.52712,4463.588675
663.5952941,680.2423355,721.1641701,785.313292,871.6421955,979.1033748,1106.649324,1253.232538,1417.805509,1596.722889,1781.360291,1972.019245,2169.861291,2381.940644,2614.693801,2870.892287,3151.018756,3454.578478,3780.524105,4127.138986,4491.890745
673.5226756,690.3222006,731.5648617,796.187733,883.127889,991.3224038,1119.708352,1267.222808,1432.802845,1612.748273,1798.30475,1989.77997,2188.353536,2401.185293,2634.807895,2892.034693,3173.356222,3478.271226,3805.717706,4153.954073,4520.409618
683.5214703,700.4746059,742.0404761,807.1406269,894.6966041,1003.629954,1132.862221,1281.314952,1447.909693,1628.891013,1815.373672,2007.671585,2206.98256,2420.57283,2655.071897,2913.335244,3195.861351,3502.142398,3831.10164,4180.972375,4549.145287
693.5916782,710.6995512,752.5910134,818.1719737,906.3483409,1016.026024,1146.110931,1295.508971,1463.126054,1645.151109,1832.567056,2025.694091,2225.74836,2440.103252,2675.485805,2934.793938,3218.534141,3526.19199,3856.675901,4208.19389,4578.097749
703.7332993,720.9970366,763.2164735,829.2817733,918.0830991,1028.510614,1159.454481,1309.804864,1478.451925,1661.528561,1849.8849,2043.847484,2244.650936,2459.776558,2696.049616,2956.410773,3241.374588,3550.419999,3882.440487,4235.618612,4607.266998
713.9463336,731.3670619,773.9168563,840.4700255,929.9008785,1041.083724,1172.892872,1324.20263,1493.887308,1678.023368,1867.327204,2062.131765,2263.690286,2479.592745,2716.763329,2978.185745,3264.382689,3574.826422,3908.395392,4263.246536,4636.65303
724.2307809,741.8096272,784.6921616,851.7367302,941.8016791,1053.745354,1186.426102,1338.702269,1509.432201,1694.635528,1884.893966,2080.546931,2282.866408,2499.551812,2737.626941,3000.118852,3287.558441,3599.411254,3934.540613,4291.07766,4666.25584
734.5866413,752.3247324,795.5423895,863.0818872,953.7855005,1066.495504,1200.054172,1353.303781,1525.086603,1711.365042,1902.585187,2099.092982,2302.179301,2519.653757,2758.640449,3022.210092,3310.901842,3624.174492,3960.876147,4319.111978,4696.075422
745.0139147,762.9123774,806.4675398,874.5054966,965.8523426,1079.334173,1213.777082,1368.007164,1540.850515,1728.211908,1920.400864,2117.769916,2321.628963,2539.898578,2779.803852,3044.459461,3334.412888,3649.116133,3987.401989,4347.349486,4726.111774
755.5126011,773.5725622,817.4676124,886.0075581,978.0022054,1092.26136,1227.59483,1382.812419,1556.723935,1745.176126,1938.340997,2136.577732,2341.215393,2560.286273,2801.117148,3066.866958,3358.091576,3674.236174,4014.118135,4375.79018,4756.36489
766.0827005,784.3052867,828.5426074,897.5880716,990.2350885,1105.277067,1241.507416,1397.719545,1572.706863,1762.257694,1956.405585,2155.516429,2360.938588,2580.81684,2822.580333,3089.432579,3381.937903,3699.534612,4041.024583,4404.434056,4786.834765
776.7242129,795.1105508,839.6925245,909.2470371,1002.550992,1118.381292,1255.514841,1412.728542,1588.799299,1779.456613,1974.594626,2174.586006,2380.798549,2601.490278,2844.193407,3112.156323,3405.951867,3725.011442,4068.121328,4433.28111,4817.521394
787.4371381,805.9883547,850.9173638,920.9844543,1014.949915,1131.574036,1269.617104,1427.839409,1605.001241,1796.772882,1992.908121,2193.786461,2400.795273,2622.306585,2865.956367,3135.038186,3430.133464,3750.666662,4095.408366,4462.331337,4848.424775
798.2214763,816.938698,862.2171251,932.8003233,1027.431859,1144.855297,1283.814204,1443.052147,1621.31269,1814.206499,2011.346068,2213.117794,2420.928759,2643.265759,2887.869211,3158.078166,3454.482692,3776.500268,4122.885694,4491.584734,4879.544901
809.0772273,827.9615809,873.5918083,944.6946438,1039.996822,1158.225076,1298.106142,1458.366753,1637.733644,1831.757464,2029.908466,2232.580003,2441.199005,2664.367798,2909.931936,3181.276261,3478.999548,3802.512258,4150.553309,4521.041296,4910.881768
820.0043911,839.0570033,885.0414135,956.6674159,1052.644804,1171.683373,1312.492917,1473.783229,1654.264104,1849.425777,2048.595315,2252.173087,2461.606011,2685.612701,2932.144541,3204.632469,3503.684029,3828.702628,4178.411206,4550.70102,4942.435373
831.0029678,850.2249651,896.5659405,968.7186393,1065.375807,1185.230188,1326.974528,1489.301573,1670.904068,1867.211436,2067.406613,2271.897045,2482.149773,2707.000466,2954.507024,3228.146786,3528.536132,3855.071375,4206.459382,4580.563901,4974.20571
842.0729571,861.4654663,908.1653893,980.8483139,1078.189828,1198.86552,1341.550976,1504.921786,1687.653537,1885.114441,2086.342359,2291.751876,2502.830292,2728.53109,2977.019383,3251.819211,3553.555854,3881.618495,4234.697834,4610.629937,5006.192776
853.2143593,872.7785068,919.8397597,993.0564397,1091.086869,1212.589368,1356.22226,1520.643867,1704.512509,1903.134792,2105.402553,2311.737578,2523.647566,2750.204573,2999.681614,3275.649741,3578.743194,3908.343986,4263.126558,4640.899121,5038.396566
864.4271741,884.1640866,931.5890517,1005.343017,1104.066928,1226.401734,1370.98838,1536.467814,1721.480984,1921.272487,2124.587194,2331.854152,2544.601593,2772.020913,3022.493718,3299.638374,3604.098147,3935.247845,4291.74555,4671.371452,5070.817076
875.7114017,895.6222057,943.4132653,1017.708044,1117.130006,1240.302615,1385.849335,1552.39363,1738.558962,1939.527527,2143.89628,2352.101594,2565.692372,2793.980107,3045.455691,3323.785107,3629.620712,3962.330068,4320.554808,4702.046925,5103.454302
887.0670419,907.1528639,955.3124003,1030.151523,1130.276103,1254.292014,1400.805126,1568.421311,1755.746442,1957.899909,2163.329812,2372.479905,2586.919902,2816.082155,3068.567531,3348.089938,3655.310885,3989.590652,4349.554327,4732.925536,5136.308239
898.4940947,918.7560613,967.2864567,1042.673452,1143.505219,1268.369928,1415.855751,1584.550859,1773.043424,1976.389635,2182.887788,2392.989083,2608.28418,2838.327055,3091.829237,3372.552865,3681.168665,4017.029595,4378.744105,4764.007282,5169.378883
909.9925601,930.4317978,979.3354344,1055.273832,1156.817353,1282.536359,1431.001211,1600.782273,1790.449906,1994.996702,2202.570207,2413.629128,2629.785207,2860.714805,3115.240807,3397.173886,3707.194047,4044.646893,4408.124137,4795.292158,5202.666231
921.5624381,942.1800733,991.4593334,1067.952663,1170.212505,1296.791305,1446.241506,1617.115553,1807.965889,2013.72111,2222.377068,2434.400038,2651.422981,2883.245403,3138.802238,3421.952998,3733.387031,4072.442544,4437.694421,4826.780161,5236.170277
933.2037286,954.0008878,1003.658154,1080.709943,1183.690675,1311.134766,1461.576634,1633.550697,1825.591372,2032.56286,2242.308372,2455.301811,2673.197499,2905.918848,3162.51353,3446.890199,3759.747613,4100.416544,4467.454953,4858.471287,5269.891019
944.9164317,965.8942413,1015.931895,1093.545675,1197.251863,1325.566743,1477.006597,1650.087707,1843.326355,2051.521949,2262.364116,2476.334448,2695.108762,2928.735139,3186.374679,3471.985486,3786.27579,4128.56889,4497.405731,4890.365533,5303.828451
956.7005472,977.8601338,1028.280557,1106.459856,1210.896069,1340.087235,1492.531393,1666.72658,1861.170837,2070.598378,2282.5443,2497.497947,2717.156767,2951.694273,3210.385684,3497.238859,3812.97156,4156.89958,4527.546749,4922.462895,5337.982571
968.5560752,989.898565,1040.70414,1119.452487,1224.623293,1354.696242,1508.151022,1683.467318,1879.124817,2089.792145,2302.848923,2518.792307,2739.341514,2974.796249,3234.546543,3522.650313,3839.834921,4185.408611,4557.878007,4954.763369,5372.353373
980.4830157,1002.009535,1053.202645,1132.523569,1238.433534,1369.393763,1523.865484,1700.30992,1897.188296,2109.103251,2323.277985,2540.217526,2761.663001,2998.041065,3258.857254,3548.219848,3866.865869,4214.09598,4588.399499,4987.266952,5406.940855
992.4813686,1014.193044,1065.77607,1145.6731,1252.326792,1384.1798,1539.674779,1717.254384,1915.361272,2128.531694,2343.831484,2561.773605,2784.121226,3021.428721,3283.317816,3573.94746,3894.064403,4242.961683,4619.111223,5019.97364,5441.745012
1004.551134,1026.449092,1078.424415,1158.901082,1266.303068,1399.05435,1555.578906,1734.300712,1933.643745,2148.077474,2364.50942,2583.460541,2806.716189,3044.959214,3307.928226,3599.833149,3921.43052,4272.005719,4650.013177,5052.88343,5476.76584
1016.692311,1038.777678,1091.147682,1172.207513,1280.36236,1414.017414,1571.577865,1751.448902,1952.035715,2167.74059,2385.311792,2605.278335,2829.447889,3068.632542,3332.688482,3625.876911,3948.964218,4301.228084,4681.105355,5085.996318,5512.003335
1028.904901,1051.178803,1103.945869,1185.592393,1294.50467,1429.068993,1587.671656,1768.698954,1970.537181,2187.521042,2406.238599,2627.226984,2852.316323,3092.448705,3357.598584,3652.078744,3976.665493,4330.628776,4712.387757,5119.312301,5547.457494
1041.188904,1063.652467,1116.818977,1199.055723,1308.729996,1444.209085,1603.860279,1786.050869,1989.148143,2207.418829,2427.289841,2649.306488,2875.321491,3116.407701,3382.658529,3678.438648,4004.534344,4360.207791,4743.860377,5152.831374,5583.128313
1053.544318,1076.198669,1129.767005,1212.597503,1323.038339,1459.43769,1620.143733,1803.504644,2007.8686,2227.43395,2448.465516,2671.516846,2898.463392,3140.509528,3407.868315,3704.956618,4032.570768,4389.965127,4775.523214,5186.553536,5619.015788
1065.971145,1088.81741,1142.789953,1226.217732,1337.429699,1474.754809,1636.522019,1821.060281,2026.698552,2247.566406,2469.765624,2693.858057,2921.742024,3164.754186,3433.22794,3731.632654,4060.774763,4419.900782,4807.376264,5220.478781,5655.119915
1078.469384,1101.508689,1155.887823,1239.91641,1351.904075,1490.160441,1652.995135,1838.717779,2045.637998,2267.816194,2491.190164,2716.33012,2945.157386,3189.141671,3458.737403,3758.466752,4089.146327,4450.014752,4839.419524,5254.607108,5691.44069
1091.039035,1114.272506,1169.060612,1253.693537,1366.461467,1505.654586,1669.563081,1856.477137,2064.686938,2288.183315,2512.739136,2738.933033,2968.709477,3213.671983,3484.396703,3785.458912,4117.685456,4480.307035,4871.652991,5288.938512,5727.97811
1103.680099,1127.108862,1182.308321,1267.549113,1381.101875,1521.237244,1686.225858,1874.338355,2083.845371,2308.667769,2534.412538,2761.666797,2992.398296,3238.345121,3510.205836,3812.609131,4146.392149,4510.777628,4904.076663,5323.472991,5764.732171
1116.392574,1140.017757,1195.630951,1281.483138,1395.825299,1536.908415,1702.983466,1892.301433,2103.113297,2329.269553,2556.210369,2784.53141,3016.223841,3263.161083,3536.164802,3839.917407,4175.266403,4541.426529,4936.690535,5358.21054,5801.70287
1129.176462,1152.99919,1209.028501,1295.495612,1410.631739,1552.668097,1719.835902,1910.36637,2122.490716,2349.988669,2578.13263,2807.526871,3040.186112,3288.119867,3562.273598,3867.383738,4204.308217,4572.253735,4969.494606,5393.151157,5838.890202
1142.031762,1166.053161,1222.500971,1309.586535,1425.521195,1568.516292,1736.783169,1928.533167,2141.977627,2370.825115,2600.17932,2830.653179,3064.285107,3313.221472,3588.532224,3895.008123,4233.517587,4603.259243,5002.488872,5428.294838,5876.294165
1154.958474,1179.17967,1236.048361,1323.755907,1440.493667,1584.452999,1753.825265,1946.801822,2161.57403,2391.778891,2622.350436,2853.910334,3088.520824,3338.465897,3614.940677,3922.790558,4262.894511,4634.44305,5035.67333,5463.64158,5913.914754
1167.956598,1192.378717,1249.670671,1338.003727,1455.549154,1600.478218,1770.96219,1965.172335,2181.279924,2412.849996,2644.64598,2877.298333,3112.893264,3363.85314,3641.498956,3950.731042,4292.438987,4665.805155,5069.047977,5499.191379,5951.751966
1181.026134,1205.650303,1263.367901,1352.329996,1470.687656,1616.591949,1788.193943,1983.644707,2201.095308,2434.038429,2667.06595,2900.817177,3137.402424,3389.3832,3668.207059,3978.829573,4322.151014,4697.345554,5102.612811,5534.944234,5989.805797
1194.167082,1218.994427,1277.140051,1366.734713,1485.909173,1632.794191,1805.520526,2002.218936,2221.020183,2455.344191,2689.610345,2924.466865,3162.048304,3415.056076,3695.064984,4007.08615,4352.030587,4729.064245,5136.367828,5570.900139,6028.076245
1207.379442,1232.411089,1290.98712,1381.217878,1501.213706,1649.084944,1822.941936,2020.895023,2241.054548,2476.76728,2712.279165,2948.247395,3186.830902,3440.871765,3722.072729,4035.50077,4382.077707,4760.961225,5170.313026,5607.059093,6066.563305
1220.663214,1245.900288,1304.909109,1395.779492,1516.601253,1665.464209,1840.458175,2039.672967,2261.198402,2498.307696,2735.072409,2972.158766,3211.750218,3466.830268,3749.230294,4064.073431,4412.292369,4793.036492,5204.448401,5643.421092,6105.266974
1234.018398,1259.462026,1318.906018,1410.419554,1532.071815,1681.931984,1858.069241,2058.552768,2281.451746,2519.965439,2757.990076,2996.200979,3236.806249,3492.931581,3776.537676,4092.804131,4442.674572,4825.290044,5238.773952,5679.986133,6143.774639
1247.444994,1273.096302,1332.977846,1425.138064,1547.625392,1698.48827,1875.775135,2077.534425,2301.814577,2541.740507,2781.032165,3020.374031,3261.998996,3519.175705,3803.994874,4121.692869,4473.224314,4857.721877,5273.289675,5716.754212,6150.457345
1260.943002,1286.803116,1347.124594,1439.935021,1563.261984,1715.133067,1893.575857,2096.617938,2322.286898,2563.632901,2804.198677,3044.677922,3287.328457,3545.562637,3831.601886,4150.739643,4503.941593,4890.33199,5307.995568,5753.725328,6157.729595
1274.512422,1300.582468,1361.346261,1454.810427,1578.98159,1731.866375,1911.471405,2115.803308,2342.868706,2585.64262,2827.48961,3069.112651,3312.79463,3572.092377,3859.358711,4179.94445,4534.826406,4923.120379,5342.891627,5790.899475,6165.361747
1288.153253,1314.434357,1375.642848,1469.764281,1594.78421,1748.688192,1929.461781,2135.090532,2363.560001,2607.769662,2850.904963,3093.678218,3338.397515,3598.764922,3887.265347,4209.307289,4565.878751,4956.087043,5377.97785,5828.276653,6173.188191
1301.865497,1328.358785,1390.014354,1484.796582,1610.669845,1765.59852,1947.546983,2154.479612,2384.360783,2630.014029,2874.444736,3118.374621,3364.137111,3625.580272,3915.321792,4238.828158,4597.098627,4989.231979,5413.254234,5834.645541,6181.084624
1315.649152,1342.35575,1404.46078,1499.907331,1626.638494,1782.597357,1965.727012,2173.970547,2405.271052,2652.375719,2898.108928,3143.201859,3390.013416,3652.538425,3943.528045,4268.507055,4628.48603,5022.555185,5448.720777,5839.409728,6188.955458
1329.504219,1356.425253,1418.982124,1515.096528,1642.690156,1799.684705,1984.001867,2193.563336,2426.290807,2674.854731,2921.897538,3168.159932,3416.02643,3679.63938,3971.884104,4298.343979,4660.040959,5056.056658,5484.377475,5844.538701,6196.725771
1343.430698,1370.567293,1433.578388,1530.364172,1658.824833,1816.860562,2002.371548,2213.25798,2447.420048,2697.451065,2945.810567,3193.248838,3442.176151,3706.883136,4000.389968,4328.338927,4691.763412,5089.736396,5520.224327,5849.925267,6204.336638
1357.428588,1384.781872,1448.249571,1545.710263,1675.042523,1834.124928,2020.836054,2233.054477,2468.658774,2720.164721,2969.848012,3218.468577,3468.462579,3734.269692,4029.045635,4358.491898,4723.653387,5123.594396,5530.55067,5855.489124,6205.046561
1371.49789,1399.068988,1462.995673,1561.134802,1691.343227,1851.477804,2039.395386,2252.952828,2490.006985,2742.995699,2994.009874,3243.819149,3494.885711,3761.799045,4057.851103,4388.802889,4755.710882,5157.630656,5533.67587,5861.169683,6160.523695
1385.638604,1413.428641,1477.816694,1576.637788,1707.726944,1868.919189,2058.049544,2272.953033,2511.46468,2765.943996,3018.296151,3269.300551,3521.445548,3789.471195,4086.806372,4419.2719,4787.935893,5191.845174,5537.169175,5866.921314,6117.746484
1399.85073,1427.860832,1492.712634,1592.219221,1724.193675,1886.449082,2076.798526,2293.055091,2533.03186,2789.009614,3042.706844,3294.912784,3548.142089,3817.286141,4115.911439,4449.898928,4820.328421,5226.237947,5540.966743,5872.710165,6076.652591
1414.134267,1442.365561,1507.683493,1607.879101,1740.743419,1904.067485,2095.642333,2313.259001,2554.708524,2812.192552,3067.241951,3320.655847,3574.975331,3845.243881,4145.166304,4480.683972,4852.888462,5241.879169,5545.019433,5878.511764,6037.171
1428.489216,1456.942827,1522.729271,1623.617428,1757.376177,1921.774396,2114.580965,2333.564764,2576.49467,2835.492808,3091.901472,3346.529738,3601.945275,3873.344414,4174.570964,4511.627029,4885.616014,5244.052389,5549.289399,5884.309571,5999.239817
1442.915577,1471.59263,1537.849968,1639.434202,1774.091947,1939.569816,2133.614422,2353.972379,2598.3903,2858.910383,3116.685406,3372.534457,3629.051918,3901.587739,4204.125418,4542.728099,4918.511076,5246.551662,5553.747639,5890.093506,5962.781088
1457.413349,1486.314971,1553.045583,1655.329423,1790.89073,1957.453743,2152.742702,2374.481846,2620.395413,2882.445276,3141.593752,3398.670003,3656.295261,3929.973854,4233.829664,4573.987179,4951.573645,5249.345695,5558.372183,5895.859057,5927.721326
1471.982533,1501.10985,1568.316117,1671.303091,1807.772526,1975.426179,2171.965807,2395.093164,2642.510007,2906.097487,3166.62651,3424.936375,3683.675302,3958.502759,4263.683702,4605.404267,4970.083726,5252.408794,5563.146719,5893.992392,5893.992965
1486.623128,1515.977266,1583.66157,1687.355205,1824.737335,1993.487123,2191.283735,2415.806334,2664.734084,2929.867014,3191.78368,3451.333573,3711.192039,3987.174451,4293.687529,4636.979363,4971.847198,5255.71993,5568.059526,5861.529875,5861.532603
1501.335135,1530.917219,1599.081941,1703.485766,1841.785156,2011.636575,2210.696487,2436.621355,2687.067642,2953.753858,3217.06526,3477.861595,3738.845473,4015.988931,4323.841145,4668.712463,4973.843334,5259.261961,5573.102623,5830.275815,5830.277926
1516.118553,1545.929709,1614.577231,1719.694773,1858.91599,2029.874535,2230.204062,2457.538226,2709.510681,2977.758019,3242.47125,3504.520441,3766.635602,4044.946196,4354.144547,4700.603567,4976.066951,5263.020978,5578.27109,5800.162509,5800.158889
1530.973383,1561.014736,1630.147439,1735.982227,1876.129836,2048.201002,2249.806461,2478.556948,2732.063201,3001.879495,3268.00165,3531.310111,3794.562425,4074.046246,4384.597735,4714.840171,4978.512415,5266.985768,5583.562497,5771.129101,5771.131346
1545.899624,1576.172301,1645.792566,1752.348127,1893.426694,2066.615976,2269.503682,2499.67752,2754.725201,3026.118286,3293.656458,3558.230602,3822.625941,4103.289078,4415.200706,4716.671419,4981.174059,5271.147361,5588.976431,5743.130914,5743.132484
1560.897277,1591.402403,1661.512611,1768.792474,1910.806565,2085.119458,2289.295726,2520.899942,2777.496681,3050.474391,3319.435674,3585.281915,3850.82615,4132.674693,4445.95346,4718.607698,4984.04642,5275.498649,5594.514095,5716.111729,5716.113378
1575.966341,1606.705042,1677.307575,1785.315267,1928.269448,2103.711447,2309.182592,2542.224214,2800.37764,3074.947811,3345.339298,3612.464048,3879.163049,4162.203089,4472.251726,4720.663704,4987.124375,5280.034064,5600.177969,5690.022958,5690.021883
1591.106817,1622.080219,1693.177456,1801.916505,1945.815342,2122.391942,2329.164281,2563.650335,2823.368079,3099.538545,3371.367328,3639.777002,3907.636638,4191.874264,4474.637522,4722.850503,4990.4032,5284.749313,5605.971513,5664.823612,5664.817321
1606.318704,1637.527932,1709.122256,1818.59619,1963.444249,2141.160944,2349.240792,2585.178305,2846.467997,3124.246591,3397.519765,3667.220774,3936.246917,4221.688217,4476.961906,4725.176375,4993.878585,5289.641142,5611.898909,5640.467478,5640.462814
1621.602002,1653.048182,1725.141974,1835.354321,1981.156167,2160.018453,2369.412125,2606.808124,2869.677393,3149.071951,3423.796607,3694.795365,3964.993884,4240.550777,4479.256801,4727.647469,4997.546626,5294.707143,5616.915529,5616.915831,5616.916878
1636.956712,1668.64097,1741.236611,1852.190898,1998.951096,2178.964469,2389.678279,2628.539791,2892.996268,3174.014622,3450.197855,3722.500774,3993.877538,4244.087307,4481.548897,4730.268285,5001.403801,5299.94559,5594.138299,5594.140889,5594.137325
1652.382833,1684.306294,1757.406165,1869.105921,2016.829038,2197.99899,2410.039255,2650.373306,2916.42462,3199.074606,3476.723507,3750.336999,4011.743826,4247.40569,4483.860501,4733.042051,5005.446933,5305.355293,5572.094311,5572.092778,5572.098823
1667.880366,1700.044156,1773.650637,1886.099389,2034.78999,2217.122018,2430.495052,2672.308669,2939.962449,3224.251901,3503.373563,3778.30404,4017.100884,4250.545093,4486.210256,4735.971008,5009.673156,5310.935484,5550.75762,5550.754965,5550.75624
1683.44931,1715.854554,1789.970028,1903.171304,2052.833954,2236.333552,2451.04567,2694.345881,2963.609756,3249.546506,3530.148022,3786.597553,4022.091537,4253.540158,4488.613733,4739.056627,5014.079876,5316.685708,5530.089072,5530.09082,5530.087036
1699.089665,1731.737489,1806.364336,1920.321663,2070.960929,2255.633592,2471.691109,2716.484939,2987.366539,3274.958423,3556.782995,3793.899621,4026.755675,4256.42146,4491.083933,4742.299779,5018.664733,5322.605741,5510.073612,5510.069742,5510.071168
1714.801431,1747.692961,1822.833562,1937.550469,2089.170916,2275.022137,2492.431369,2738.725845,3011.232799,3300.487649,3566.30062,3800.755746,4031.130207,4259.215946,4493.631702,4745.700863,5023.425567,5328.695518,5490.672928,5490.673549,5490.671059
1730.584608,1763.72097,1839.377706,1954.85772,2107.463913,2294.499189,2513.266449,2761.068597,3035.208535,3326.134184,3575.321102,3807.199236,4035.249161,4261.947328,4496.266073,4749.259904,5028.360386,5334.955072,5471.868236,5471.871939,5471.865121
1746.439197,1779.821516,1855.996768,1972.243416,2125.839921,2314.064745,2534.19635,2783.513196,3059.293746,3351.898029,3583.870701,3813.261954,4039.143809,4264.636453,4498.994559,4752.976636,5033.467339,5341.384482,5453.635715,5453.633955,5453.637228
1762.365197,1795.994598,1872.690747,1989.707557,2144.29894,2333.718807,2555.22107,2806.059642,3083.488433,3363.910107,3591.975169,3818.974254,4042.84281,4267.301632,4501.823386,4756.850557,5038.744687,5347.983836,5430.271829,5430.270044,5430.273351
1778.362608,1812.240217,1889.459645,2007.250144,2162.84097,2353.461374,2576.340611,2828.707933,3107.792595,3373.796841,3599.659649,3824.364946,4046.37237,4269.958939,4504.757696,4760.880979,5044.190781,5354.753194,5418.805923,5418.804738,5418.805979
,,,,,,,,,,,,,,,,,,,,
,,,,,,,,,,,,,,,,,,,,
,,,,,,,,,,,,,,,,,,,,
,,,,,,,,,,,,,,,,,,,,
,,,,,,,,,,,,,,,,,,,,
,,,,,,,,,,,,,,,,,,,,
,,,,,,,,,,,,,,,,,,,,
,,,,,,,,,,,,,,,,,,,,
,,,,,,,,,,,,,,,,,,,,
,,,,,,,,,,,,,,,,,,,,
,,,,,,,,,,,,,,,,,,,,
,,,,,,,,,,,,,,,,,,,,
,,,,,,,,,,,,,,,,,,,,
,,,,,,,,,,,,,,,,,,,,
,,,,,,,,,,,,,,,,,,,,
,,,,,,,,,,,,,,,,,,,,
,,,,,,,,,,,,,,,,,,,,
,,,,,,,,,,,,,,,,,,,,
,,,,,,,,,,,,,,,,,,,,
,,,,,,,,,,,,,,,,,,,,
,,,,,,,,,,,,,,,,,,,,
,,,,,,,,,,,,,,,,,,,,
,,,,,,,,,,,,,,,,,,,,
,,,,,,,,,,,,,,,,,,,,
,,,,,,,,,,,,,,,,,,,,
,,,,,,,,,,,,,,,,,,,,
,,,,,,,,,,,,,,,,,,,,
,,,,,,,,,,,,,,,,,,,,
,,,,,,,,,,,,,,,,,,,,
,,,,,,,,,,,,,,,,,,,,
,,,,,,,,,,,,,,,,,,,,
,,,,,,,,,,,,,,,,,,,,
,,,,,,,,,,,,,,,,,,,,
,,,,,,,,,,,,,,,,,,,,
,,,,,,,,,,,,,,,,,,,,
,,,,,,,,,,,,,,,,,,,,
,,,,,,,,,,,,,,,,,,,,
,,,,,,,,,,,,,,,,,,,,
,,,,,,,,,,,,,,,,,,,,
,,,,,,,,,,,,,,,,,,,,
,,,,,,,,,,,,,,,,,,,,
,,,,,,,,,,,,,,,,,,,,
,,,,,,,,,,,,,,,,,,,,
,,,,,,,,,,,,,,,,,,,,
,,,,,,,,,,,,,,,,,,,,
,,,,,,,,,,,,,,,,,,,,
,,,,,,,,,,,,,,,,,,,,
,,,,,,,,,,,,,,,,,,,,
,,,,,,,,,,,,,,,,,,,,
,,,,,,,,,,,,,,,,,,,,
,,,,,,,,,,,,,,,,,,,,
,,,,,,,,,,,,,,,,,,,,
,,,,,,,,,,,,,,,,,,,,
,,,,,,,,,,,,,,,,,,,,
,,,,,,,,,,,,,,,,,,,,
,,,,,,,,,,,,,,,,,,,,
,,,,,,,,,,,,,,,,,,,,
,,,,,,,,,,,,,,,,,,,,
,,,,,,,,,,,,,,,,,,,,
,,,,,,,,,,,,,,,,,,,,
,,,,,,,,,,,,,,,,,,,,
,,,,,,,,,,,,,,,,,,,,
,,,,,,,,,,,,,,,,,,,,
,,,,,,,,,,,,,,,,,,,,
,,,,,,,,,,,,,,,,,,,,
,,,,,,,,,,,,,,,,,,,,
,,,,,,,,,,,,,,,,,,,,
,,,,,,,,,,,,,,,,,,,,
,,,,,,,,,,,,,,,,,,,,
,,,,,,,,,,,,,,,,,,,,
,,,,,,,,,,,,,,,,,,,,
,,,,,,,,,,,,,,,,,,,,
,,,,,,,,,,,,,,,,,,,,
,,,,,,,,,,,,,,,,,,,,
,,,,,,,,,,,,,,,,,,,,
,,,,,,,,,,,,,,,,,,,,
,,,,,,,,,,,,,,,,,,,,
,,,,,,,,,,,,,,,,,,,,
,,,,,,,,,,,,,,,,,,,,
,,,,,,,,,,,,,,,,,,,,
,,,,,,,,,,,,,,,,,,,,
,,,,,,,,,,,,,,,,,,,,
,,,,,,,,,,,,,,,,,,,,
,,,,,,,,,,,,,,,,,,,,
,,,,,,,,,,,,,,,,,,,,
,,,,,,,,,,,,,,,,,,,,
,,,,,,,,,,,,,,,,,,,,
,,,,,,,,,,,,,,,,,,,,
,,,,,,,,,,,,,,,,,,,,
,,,,,,,,,,,,,,,,,,,,
,,,,,,,,,,,,,,,,,,,,
,,,,,,,,,,,,,,,,,,,,
,,,,,,,,,,,,,,,,,,,,
,,,,,,,,,,,,,,,,,,,,
,,,,,,,,,,,,,,,,,,,,
,,,,,,,,,,,,,,,,,,,,
,,,,,,,,,,,,,,,,,,,,
,,,,,,,,,,,,,,,,,,,,
,,,,,,,,,,,,,,,,,,,,
,,,,,,,,,,,,,,,,,,,,
,,,,,,,,,,,,,,,,,,,,
,,,,,,,,,,,,,,,,,,,,
,,,,,,,,,,,,,,,,,,,,
,,,,,,,,,,,,,,,,,,,,
,,,,,,,,,,,,,,,,,,,,
,,,,,,,,,,,,,,,,,,,,
,,,,,,,,,,,,,,,,,,,,
,,,,,,,,,,,,,,,,,,,,
,,,,,,,,,,,,,,,,,,,,
,,,,,,,,,,,,,,,,,,,,
,,,,,,,,,,,,,,,,,,,,
,,,,,,,,,,,,,,,,,,,,
,,,,,,,,,,,,,,,,,,,,
,,,,,,,,,,,,,,,,,,,,
,,,,,,,,,,,,,,,,,,,,
,,,,,,,,,,,,,,,,,,,,
,,,,,,,,,,,,,,,,,,,,
,,,,,,,,,,,,,,,,,,,,
,,,,,,,,,,,,,,,,,,,,
,,,,,,,,,,,,,,,,,,,,
,,,,,,,,,,,,,,,,,,,,
,,,,,,,,,,,,,,,,,,,,
,,,,,,,,,,,,,,,,,,,,
,,,,,,,,,,,,,,,,,,,,
,,,,,,,,,,,,,,,,,,,,
,,,,,,,,,,,,,,,,,,,,
,,,,,,,,,,,,,,,,,,,,
,,,,,,,,,,,,,,,,,,,,
,,,,,,,,,,,,,,,,,,,,
,,,,,,,,,,,,,,,,,,,,
,,,,,,,,,,,,,,,,,,,,
,,,,,,,,,,,,,,,,,,,,
,,,,,,,,,,,,,,,,,,,,
,,,,,,,,,,,,,,,,,,,,
,,,,,,,,,,,,,,,,,,,,
,,,,,,,,,,,,,,,,,,,,
,,,,,,,,,,,,,,,,,,,,
,,,,,,,,,,,,,,,,,,,,
,,,,,,,,,,,,,,,,,,,,
,,,,,,,,,,,,,,,,,,,,
,,,,,,,,,,,,,,,,,,,,
,,,,,,,,,,,,,,,,,,,,
,,,,,,,,,,,,,,,,,,,,
,,,,,,,,,,,,,,,,,,,,
,,,,,,,,,,,,,,,,,,,,
,,,,,,,,,,,,,,,,,,,,
,,,,,,,,,,,,,,,,,,,,
,,,,,,,,,,,,,,,,,,,,
,,,,,,,,,,,,,,,,,,,,
,,,,,,,,,,,,,,,,,,,,
,,,,,,,,,,,,,,,,,,,,
,,,,,,,,,,,,,,,,,,,,
,,,,,,,,,,,,,,,,,,,,
,,,,,,,,,,,,,,,,,,,,
,,,,,,,,,,,,,,,,,,,,
,,,,,,,,,,,,,,,,,,,,
,,,,,,,,,,,,,,,,,,,,
,,,,,,,,,,,,,,,,,,,,
,,,,,,,,,,,,,,,,,,,,
,,,,,,,,,,,,,,,,,,,,
,,,,,,,,,,,,,,,,,,,,
,,,,,,,,,,,,,,,,,,,,
,,,,,,,,,,,,,,,,,,,,
,,,,,,,,,,,,,,,,,,,,
,,,,,,,,,,,,,,,,,,,,
,,,,,,,,,,,,,,,,,,,,
,,,,,,,,,,,,,,,,,,,,
,,,,,,,,,,,,,,,,,,,,
,,,,,,,,,,,,,,,,,,,,
,,,,,,,,,,,,,,,,,,,,
,,,,,,,,,,,,,,,,,,,,
,,,,,,,,,,,,,,,,,,,,
,,,,,,,,,,,,,,,,,,,,
,,,,,,,,,,,,,,,,,,,,
,,,,,,,,,,,,,,,,,,,,
,,,,,,,,,,,,,,,,,,,,
,,,,,,,,,,,,,,,,,,,,
,,,,,,,,,,,,,,,,,,,,
,,,,,,,,,,,,,,,,,,,,
,,,,,,,,,,,,,,,,,,,,
,,,,,,,,,,,,,,,,,,,,
,,,,,,,,,,,,,,,,,,,,
,,,,,,,,,,,,,,,,,,,,
,,,,,,,,,,,,,,,,,,,,
,,,,,,,,,,,,,,,,,,,,
,,,,,,,,,,,,,,,,,,,,
,,,,,,,,,,,,,,,,,,,,
,,,,,,,,,,,,,,,,,,,,
,,,,,,,,,,,,,,,,,,,,
,,,,,,,,,,,,,,,,,,,,
,,,,,,,,,,,,,,,,,,,,
,,,,,,,,,,,,,,,,,,,,
,,,,,,,,,,,,,,,,,,,,
,,,,,,,,,,,,,,,,,,,,
,,,,,,,,,,,,,,,,,,,,
,,,,,,,,,,,,,,,,,,,,
,,,,,,,,,,,,,,,,,,,,
,,,,,,,,,,,,,,,,,,,,
,,,,,,,,,,,,,,,,,,,,
,,,,,,,,,,,,,,,,,,,,
,,,,,,,,,,,,,,,,,,,,
,,,,,,,,,,,,,,,,,,,,
,,,,,,,,,,,,,,,,,,,,
,,,,,,,,,,,,,,,,,,,,
,,,,,,,,,,,,,,,,,,,,
,,,,,,,,,,,,,,,,,,,,
,,,,,,,,,,,,,,,,,,,,
,,,,,,,,,,,,,,,,,,,,
,,,,,,,,,,,,,,,,,,,,
,,,,,,,,,,,,,,,,,,,,
,,,,,,,,,,,,,,,,,,,,
,,,,,,,,,,,,,,,,,,,,
,,,,,,,,,,,,,,,,,,,,
,,,,,,,,,,,,,,,,,,,,
,,,,,,,,,,,,,,,,,,,,
,,,,,,,,,,,,,,,,,,,,
,,,,,,,,,,,,,,,,,,,,
,,,,,,,,,,,,,,,,,,,,
,,,,,,,,,,,,,,,,,,,,
,,,,,,,,,,,,,,,,,,,,
,,,,,,,,,,,,,,,,,,,,
,,,,,,,,,,,,,,,,,,,,
,,,,,,,,,,,,,,,,,,,,
,,,,,,,,,,,,,,,,,,,,
,,,,,,,,,,,,,,,,,,,,
,,,,,,,,,,,,,,,,,,,,
,,,,,,,,,,,,,,,,,,,,
,,,,,,,,,,,,,,,,,,,,
,,,,,,,,,,,,,,,,,,,,
,,,,,,,,,,,,,,,,,,,,
,,,,,,,,,,,,,,,,,,,,
,,,,,,,,,,,,,,,,,,,,
,,,,,,,,,,,,,,,,,,,,
,,,,,,,,,,,,,,,,,,,,
,,,,,,,,,,,,,,,,,,,,
,,,,,,,,,,,,,,,,,,,,
,,,,,,,,,,,,,,,,,,,,
,,,,,,,,,,,,,,,,,,,,
,,,,,,,,,,,,,,,,,,,,
,,,,,,,,,,,,,,,,,,,,
,,,,,,,,,,,,,,,,,,,,
,,,,,,,,,,,,,,,,,,,,
,,,,,,,,,,,,,,,,,,,,
,,,,,,,,,,,,,,,,,,,,
,,,,,,,,,,,,,,,,,,,,
,,,,,,,,,,,,,,,,,,,,
,,,,,,,,,,,,,,,,,,,,
,,,,,,,,,,,,,,,,,,,,
,,,,,,,,,,,,,,,,,,,,
,,,,,,,,,,,,,,,,,,,,
,,,,,,,,,,,,,,,,,,,,
,,,,,,,,,,,,,,,,,,,,
,,,,,,,,,,,,,,,,,,,,
,,,,,,,,,,,,,,,,,,,,
,,,,,,,,,,,,,,,,,,,,
,,,,,,,,,,,,,,,,,,,,
,,,,,,,,,,,,,,,,,,,,
,,,,,,,,,,,,,,,,,,,,
,,,,,,,,,,,,,,,,,,,,
,,,,,,,,,,,,,,,,,,,,
,,,,,,,,,,,,,,,,,,,,
,,,,,,,,,,,,,,,,,,,,
,,,,,,,,,,,,,,,,,,,,
,,,,,,,,,,,,,,,,,,,,
,,,,,,,,,,,,,,,,,,,,
,,,,,,,,,,,,,,,,,,,,
,,,,,,,,,,,,,,,,,,,,
,,,,,,,,,,,,,,,,,,,,
,,,,,,,,,,,,,,,,,,,,
,,,,,,,,,,,,,,,,,,,,
,,,,,,,,,,,,,,,,,,,,
,,,,,,,,,,,,,,,,,,,,
,,,,,,,,,,,,,,,,,,,,
,,,,,,,,,,,,,,,,,,,,
,,,,,,,,,,,,,,,,,,,,
,,,,,,,,,,,,,,,,,,,,
,,,,,,,,,,,,,,,,,,,,
,,,,,,,,,,,,,,,,,,,,
,,,,,,,,,,,,,,,,,,,,
,,,,,,,,,,,,,,,,,,,,
,,,,,,,,,,,,,,,,,,,,
,,,,,,,,,,,,,,,,,,,,
,,,,,,,,,,,,,,,,,,,,
,,,,,,,,,,,,,,,,,,,,
,,,,,,,,,,,,,,,,,,,,
,,,,,,,,,,,,,,,,,,,,
,,,,,,,,,,,,,,,,,,,,
,,,,,,,,,,,,,,,,,,,,
,,,,,,,,,,,,,,,,,,,,
,,,,,,,,,,,,,,,,,,,,
,,,,,,,,,,,,,,,,,,,,
,,,,,,,,,,,,,,,,,,,,
,,,,,,,,,,,,,,,,,,,,
,,,,,,,,,,,,,,,,,,,,
,,,,,,,,,,,,,,,,,,,,
,,,,,,,,,,,,,,,,,,,,
,,,,,,,,,,,,,,,,,,,,
,,,,,,,,,,,,,,,,,,,,
,,,,,,,,,,,,,,,,,,,,
,,,,,,,,,,,,,,,,,,,,
,,,,,,,,,,,,,,,,,,,,
,,,,,,,,,,,,,,,,,,,,
,,,,,,,,,,,,,,,,,,,,
,,,,,,,,,,,,,,,,,,,,
,,,,,,,,,,,,,,,,,,,,
,,,,,,,,,,,,,,,,,,,,
,,,,,,,,,,,,,,,,,,,,
,,,,,,,,,,,,,,,,,,,,
,,,,,,,,,,,,,,,,,,,,
,,,,,,,,,,,,,,,,,,,,
,,,,,,,,,,,,,,,,,,,,
,,,,,,,,,,,,,,,,,,,,
,,,,,,,,,,,,,,,,,,,,
,,,,,,,,,,,,,,,,,,,,
,,,,,,,,,,,,,,,,,,,,
,,,,,,,,,,,,,,,,,,,,
,,,,,,,,,,,,,,,,,,,,
,,,,,,,,,,,,,,,,,,,,
,,,,,,,,,,,,,,,,,,,,
,,,,,,,,,,,,,,,,,,,,
,,,,,,,,,,,,,,,,,,,,
,,,,,,,,,,,,,,,,,,,,
,,,,,,,,,,,,,,,,,,,,
,,,,,,,,,,,,,,,,,,,,
,,,,,,,,,,,,,,,,,,,,
,,,,,,,,,,,,,,,,,,,,
,,,,,,,,,,,,,,,,,,,,
,,,,,,,,,,,,,,,,,,,,
,,,,,,,,,,,,,,,,,,,,
,,,,,,,,,,,,,,,,,,,,
,,,,,,,,,,,,,,,,,,,,
,,,,,,,,,,,,,,,,,,,,
,,,,,,,,,,,,,,,,,,,,
,,,,,,,,,,,,,,,,,,,,
,,,,,,,,,,,,,,,,,,,,
,,,,,,,,,,,,,,,,,,,,
,,,,,,,,,,,,,,,,,,,,
,,,,,,,,,,,,,,,,,,,,
,,,,,,,,,,,,,,,,,,,,
,,,,,,,,,,,,,,,,,,,,
,,,,,,,,,,,,,,,,,,,,
,,,,,,,,,,,,,,,,,,,,
,,,,,,,,,,,,,,,,,,,,
,,,,,,,,,,,,,,,,,,,,
,,,,,,,,,,,,,,,,,,,,
,,,,,,,,,,,,,,,,,,,,
,,,,,,,,,,,,,,,,,,,,
,,,,,,,,,,,,,,,,,,,,
,,,,,,,,,,,,,,,,,,,,
,,,,,,,,,,,,,,,,,,,,
,,,,,,,,,,,,,,,,,,,,
,,,,,,,,,,,,,,,,,,,,
,,,,,,,,,,,,,,,,,,,,
,,,,,,,,,,,,,,,,,,,,
,,,,,,,,,,,,,,,,,,,,
,,,,,,,,,,,,,,,,,,,,
,,,,,,,,,,,,,,,,,,,,
,,,,,,,,,,,,,,,,,,,,
,,,,,,,,,,,,,,,,,,,,
,,,,,,,,,,,,,,,,,,,,
,,,,,,,,,,,,,,,,,,,,
,,,,,,,,,,,,,,,,,,,,
,,,,,,,,,,,,,,,,,,,,
,,,,,,,,,,,,,,,,,,,,
,,,,,,,,,,,,,,,,,,,,
,,,,,,,,,,,,,,,,,,,,
,,,,,,,,,,,,,,,,,,,,
,,,,,,,,,,,,,,,,,,,,
,,,,,,,,,,,,,,,,,,,,
,,,,,,,,,,,,,,,,,,,,
,,,,,,,,,,,,,,,,,,,,
,,,,,,,,,,,,,,,,,,,,
,,,,,,,,,,,,,,,,,,,,
,,,,,,,,,,,,,,,,,,,,
,,,,,,,,,,,,,,,,,,,,
,,,,,,,,,,,,,,,,,,,,
,,,,,,,,,,,,,,,,,,,,
,,,,,,,,,,,,,,,,,,,,
,,,,,,,,,,,,,,,,,,,,
,,,,,,,,,,,,,,,,,,,,
,,,,,,,,,,,,,,,,,,,,
,,,,,,,,,,,,,,,,,,,,
,,,,,,,,,,,,,,,,,,,,
,,,,,,,,,,,,,,,,,,,,
,,,,,,,,,,,,,,,,,,,,
,,,,,,,,,,,,,,,,,,,,
,,,,,,,,,,,,,,,,,,,,
,,,,,,,,,,,,,,,,,,,,
,,,,,,,,,,,,,,,,,,,,
,,,,,,,,,,,,,,,,,,,,
,,,,,,,,,,,,,,,,,,,,
,,,,,,,,,,,,,,,,,,,,
,,,,,,,,,,,,,,,,,,,,
,,,,,,,,,,,,,,,,,,,,
,,,,,,,,,,,,,,,,,,,,
,,,,,,,,,,,,,,,,,,,,
,,,,,,,,,,,,,,,,,,,,
,,,,,,,,,,,,,,,,,,,,
,,,,,,,,,,,,,,,,,,,,
,,,,,,,,,,,,,,,,,,,,
,,,,,,,,,,,,,,,,,,,,
,,,,,,,,,,,,,,,,,,,,
,,,,,,,,,,,,,,,,,,,,
,,,,,,,,,,,,,,,,,,,,
,,,,,,,,,,,,,,,,,,,,
,,,,,,,,,,,,,,,,,,,,
,,,,,,,,,,,,,,,,,,,,
,,,,,,,,,,,,,,,,,,,,
,,,,,,,,,,,,,,,,,,,,
,,,,,,,,,,,,,,,,,,,,
,,,,,,,,,,,,,,,,,,,,
,,,,,,,,,,,,,,,,,,,,
,,,,,,,,,,,,,,,,,,,,
,,,,,,,,,,,,,,,,,,,,
,,,,,,,,,,,,,,,,,,,,
,,,,,,,,,,,,,,,,,,,,
,,,,,,,,,,,,,,,,,,,,
,,,,,,,,,,,,,,,,,,,,
,,,,,,,,,,,,,,,,,,,,
,,,,,,,,,,,,,,,,,,,,
,,,,,,,,,,,,,,,,,,,,
,,,,,,,,,,,,,,,,,,,,
,,,,,,,,,,,,,,,,,,,,
,,,,,,,,,,,,,,,,,,,,
,,,,,,,,,,,,,,,,,,,,
,,,,,,,,,,,,,,,,,,,,
,,,,,,,,,,,,,,,,,,,,
,,,,,,,,,,,,,,,,,,,,
,,,,,,,,,,,,,,,,,,,,
,,,,,,,,,,,,,,,,,,,,
,,,,,,,,,,,,,,,,,,,,
,,,,,,,,,,,,,,,,,,,,
,,,,,,,,,,,,,,,,,,,,
,,,,,,,,,,,,,,,,,,,,
,,,,,,,,,,,,,,,,,,,,
,,,,,,,,,,,,,,,,,,,,
,,,,,,,,,,,,,,,,,,,,
,,,,,,,,,,,,,,,,,,,,
,,,,,,,,,,,,,,,,,,,,
,,,,,,,,,,,,,,,,,,,,
,,,,,,,,,,,,,,,,,,,,
,,,,,,,,,,,,,,,,,,,,
,,,,,,,,,,,,,,,,,,,,
,,,,,,,,,,,,,,,,,,,,
,,,,,,,,,,,,,,,,,,,,
,,,,,,,,,,,,,,,,,,,,
,,,,,,,,,,,,,,,,,,,,
,,,,,,,,,,,,,,,,,,,,
,,,,,,,,,,,,,,,,,,,,
,,,,,,,,,,,,,,,,,,,,
,,,,,,,,,,,,,,,,,,,,
,,,,,,,,,,,,,,,,,,,,
,,,,,,,,,,,,,,,,,,,,
,,,,,,,,,,,,,,,,,,,,
,,,,,,,,,,,,,,,,,,,,
,,,,,,,,,,,,,,,,,,,,
,,,,,,,,,,,,,,,,,,,,
,,,,,,,,,,,,,,,,,,,,
,,,,,,,,,,,,,,,,,,,,
,,,,,,,,,,,,,,,,,,,,
,,,,,,,,,,,,,,,,,,,,
,,,,,,,,,,,,,,,,,,,,
,,,,,,,,,,,,,,,,,,,,
,,,,,,,,,,,,,,,,,,,,
,,,,,,,,,,,,,,,,,,,,
,,,,,,,,,,,,,,,,,,,,
,,,,,,,,,,,,,,,,,,,,
,,,,,,,,,,,,,,,,,,,,
,,,,,,,,,,,,,,,,,,,,
,,,,,,,,,,,,,,,,,,,,
,,,,,,,,,,,,,,,,,,,,
,,,,,,,,,,,,,,,,,,,,
,,,,,,,,,,,,,,,,,,,,
,,,,,,,,,,,,,,,,,,,,
,,,,,,,,,,,,,,,,,,,,
,,,,,,,,,,,,,,,,,,,,
,,,,,,,,,,,,,,,,,,,,
,,,,,,,,,,,,,,,,,,,,
,,,,,,,,,,,,,,,,,,,,
,,,,,,,,,,,,,,,,,,,,
,,,,,,,,,,,,,,,,,,,,
,,,,,,,,,,,,,,,,,,,,
,,,,,,,,,,,,,,,,,,,,
,,,,,,,,,,,,,,,,,,,,
,,,,,,,,,,,,,,,,,,,,
,,,,,,,,,,,,,,,,,,,,
,,,,,,,,,,,,,,,,,,,,
,,,,,,,,,,,,,,,,,,,,
,,,,,,,,,,,,,,,,,,,,
,,,,,,,,,,,,,,,,,,,,
,,,,,,,,,,,,,,,,,,,,
,,,,,,,,,,,,,,,,,,,,
,,,,,,,,,,,,,,,,,,,,
,,,,,,,,,,,,,,,,,,,,
,,,,,,,,,,,,,,,,,,,,
,,,,,,,,,,,,,,,,,,,,
,,,,,,,,,,,,,,,,,,,,
,,,,,,,,,,,,,,,,,,,,
,,,,,,,,,,,,,,,,,,,,
,,,,,,,,,,,,,,,,,,,,
,,,,,,,,,,,,,,,,,,,,
,,,,,,,,,,,,,,,,,,,,
,,,,,,,,,,,,,,,,,,,,
,,,,,,,,,,,,,,,,,,,,
,,,,,,,,,,,,,,,,,,,,
,,,,,,,,,,,,,,,,,,,,
,,,,,,,,,,,,,,,,,,,,
,,,,,,,,,,,,,,,,,,,,
,,,,,,,,,,,,,,,,,,,,
,,,,,,,,,,,,,,,,,,,,
,,,,,,,,,,,,,,,,,,,,
,,,,,,,,,,,,,,,,,,,,
,,,,,,,,,,,,,,,,,,,,
,,,,,,,,,,,,,,,,,,,,
,,,,,,,,,,,,,,,,,,,,
,,,,,,,,,,,,,,,,,,,,
,,,,,,,,,,,,,,,,,,,,
,,,,,,,,,,,,,,,,,,,,
,,,,,,,,,,,,,,,,,,,,
,,,,,,,,,,,,,,,,,,,,
,,,,,,,,,,,,,,,,,,,,
,,,,,,,,,,,,,,,,,,,,
,,,,,,,,,,,,,,,,,,,,
,,,,,,,,,,,,,,,,,,,,
,,,,,,,,,,,,,,,,,,,,
,,,,,,,,,,,,,,,,,,,,
,,,,,,,,,,,,,,,,,,,,
,,,,,,,,,,,,,,,,,,,,
,,,,,,,,,,,,,,,,,,,,
,,,,,,,,,,,,,,,,,,,,
,,,,,,,,,,,,,,,,,,,,
,,,,,,,,,,,,,,,,,,,,
,,,,,,,,,,,,,,,,,,,,
,,,,,,,,,,,,,,,,,,,,
,,,,,,,,,,,,,,,,,,,,
,,,,,,,,,,,,,,,,,,,,
,,,,,,,,,,,,,,,,,,,,
,,,,,,,,,,,,,,,,,,,,
,,,,,,,,,,,,,,,,,,,,
,,,,,,,,,,,,,,,,,,,,
,,,,,,,,,,,,,,,,,,,,
,,,,,,,,,,,,,,,,,,,,
,,,,,,,,,,,,,,,,,,,,
,,,,,,,,,,,,,,,,,,,,
,,,,,,,,,,,,,,,,,,,,
,,,,,,,,,,,,,,,,,,,,
,,,,,,,,,,,,,,,,,,,,
,,,,,,,,,,,,,,,,,,,,
,,,,,,,,,,,,,,,,,,,,
,,,,,,,,,,,,,,,,,,,,
,,,,,,,,,,,,,,,,,,,,
,,,,,,,,,,,,,,,,,,,,
,,,,,,,,,,,,,,,,,,,,
,,,,,,,,,,,,,,,,,,,,
,,,,,,,,,,,,,,,,,,,,
,,,,,,,,,,,,,,,,,,,,
,,,,,,,,,,,,,,,,,,,,
,,,,,,,,,,,,,,,,,,,,
,,,,,,,,,,,,,,,,,,,,
,,,,,,,,,,,,,,,,,,,,
,,,,,,,,,,,,,,,,,,,,
,,,,,,,,,,,,,,,,,,,,
,,,,,,,,,,,,,,,,,,,,
,,,,,,,,,,,,,,,,,,,,
,,,,,,,,,,,,,,,,,,,,
,,,,,,,,,,,,,,,,,,,,
,,,,,,,,,,,,,,,,,,,,
,,,,,,,,,,,,,,,,,,,,
,,,,,,,,,,,,,,,,,,,,
,,,,,,,,,,,,,,,,,,,,
,,,,,,,,,,,,,,,,,,,,
,,,,,,,,,,,,,,,,,,,,
,,,,,,,,,,,,,,,,,,,,
,,,,,,,,,,,,,,,,,,,,
,,,,,,,,,,,,,,,,,,,,
,,,,,,,,,,,,,,,,,,,,
,,,,,,,,,,,,,,,,,,,,
,,,,,,,,,,,,,,,,,,,,
,,,,,,,,,,,,,,,,,,,,
,,,,,,,,,,,,,,,,,,,,
,,,,,,,,,,,,,,,,,,,,
,,,,,,,,,,,,,,,,,,,,
,,,,,,,,,,,,,,,,,,,,
,,,,,,,,,,,,,,,,,,,,
,,,,,,,,,,,,,,,,,,,,
,,,,,,,,,,,,,,,,,,,,
,,,,,,,,,,,,,,,,,,,,
,,,,,,,,,,,,,,,,,,,,
,,,,,,,,,,,,,,,,,,,,
,,,,,,,,,,,,,,,,,,,,
,,,,,,,,,,,,,,,,,,,,
,,,,,,,,,,,,,,,,,,,,
,,,,,,,,,,,,,,,,,,,,
,,,,,,,,,,,,,,,,,,,,
,,,,,,,,,,,,,,,,,,,,
,,,,,,,,,,,,,,,,,,,,
,,,,,,,,,,,,,,,,,,,,
,,,,,,,,,,,,,,,,,,,,
,,,,,,,,,,,,,,,,,,,,
,,,,,,,,,,,,,,,,,,,,
,,,,,,,,,,,,,,,,,,,,
,,,,,,,,,,,,,,,,,,,,
,,,,,,,,,,,,,,,,,,,,
,,,,,,,,,,,,,,,,,,,,
,,,,,,,,,,,,,,,,,,,,
,,,,,,,,,,,,,,,,,,,,
,,,,,,,,,,,,,,,,,,,,
,,,,,,,,,,,,,,,,,,,,
,,,,,,,,,,,,,,,,,,,,
,,,,,,,,,,,,,,,,,,,,
,,,,,,,,,,,,,,,,,,,,
,,,,,,,,,,,,,,,,,,,,
,,,,,,,,,,,,,,,,,,,,
,,,,,,,,,,,,,,,,,,,,
,,,,,,,,,,,,,,,,,,,,
,,,,,,,,,,,,,,,,,,,,
,,,,,,,,,,,,,,,,,,,,
,,,,,,,,,,,,,,,,,,,,
,,,,,,,,,,,,,,,,,,,,
,,,,,,,,,,,,,,,,,,,,
,,,,,,,,,,,,,,,,,,,,
,,,,,,,,,,,,,,,,,,,,
,,,,,,,,,,,,,,,,,,,,
,,,,,,,,,,,,,,,,,,,,
,,,,,,,,,,,,,,,,,,,,
,,,,,,,,,,,,,,,,,,,,
,,,,,,,,,,,,,,,,,,,,
,,,,,,,,,,,,,,,,,,,,
,,,,,,,,,,,,,,,,,,,,
,,,,,,,,,,,,,,,,,,,,
,,,,,,,,,,,,,,,,,,,,
,,,,,,,,,,,,,,,,,,,,
,,,,,,,,,,,,,,,,,,,,
,,,,,,,,,,,,,,,,,,,,
,,,,,,,,,,,,,,,,,,,,
,,,,,,,,,,,,,,,,,,,,
,,,,,,,,,,,,,,,,,,,,
,,,,,,,,,,,,,,,,,,,,
,,,,,,,,,,,,,,,,,,,,
,,,,,,,,,,,,,,,,,,,,
,,,,,,,,,,,,,,,,,,,,
,,,,,,,,,,,,,,,,,,,,
,,,,,,,,,,,,,,,,,,,,
,,,,,,,,,,,,,,,,,,,,
,,,,,,,,,,,,,,,,,,,,
,,,,,,,,,,,,,,,,,,,,
,,,,,,,,,,,,,,,,,,,,
,,,,,,,,,,,,,,,,,,,,
,,,,,,,,,,,,,,,,,,,,
,,,,,,,,,,,,,,,,,,,,
,,,,,,,,,,,,,,,,,,,,
,,,,,,,,,,,,,,,,,,,,
,,,,,,,,,,,,,,,,,,,,
,,,,,,,,,,,,,,,,,,,,
,,,,,,,,,,,,,,,,,,,,
,,,,,,,,,,,,,,,,,,,,
,,,,,,,,,,,,,,,,,,,,
,,,,,,,,,,,,,,,,,,,,
,,,,,,,,,,,,,,,,,,,,
,,,,,,,,,,,,,,,,,,,,
,,,,,,,,,,,,,,,,,,,,
,,,,,,,,,,,,,,,,,,,,
,,,,,,,,,,,,,,,,,,,,
,,,,,,,,,,,,,,,,,,,,
,,,,,,,,,,,,,,,,,,,,
,,,,,,,,,,,,,,,,,,,,
,,,,,,,,,,,,,,,,,,,,
,,,,,,,,,,,,,,,,,,,,
,,,,,,,,,,,,,,,,,,,,
,,,,,,,,,,,,,,,,,,,,
,,,,,,,,,,,,,,,,,,,,
,,,,,,,,,,,,,,,,,,,,
,,,,,,,,,,,,,,,,,,,,
,,,,,,,,,,,,,,,,,,,,
,,,,,,,,,,,,,,,,,,,,
,,,,,,,,,,,,,,,,,,,,
,,,,,,,,,,,,,,,,,,,,
,,,,,,,,,,,,,,,,,,,,
,,,,,,,,,,,,,,,,,,,,
,,,,,,,,,,,,,,,,,,,,
,,,,,,,,,,,,,,,,,,,,
,,,,,,,,,,,,,,,,,,,,
,,,,,,,,,,,,,,,,,,,,
,,,,,,,,,,,,,,,,,,,,
,,,,,,,,,,,,,,,,,,,,
,,,,,,,,,,,,,,,,,,,,
,,,,,,,,,,,,,,,,,,,,
,,,,,,,,,,,,,,,,,,,,
,,,,,,,,,,,,,,,,,,,,
,,,,,,,,,,,,,,,,,,,,
,,,,,,,,,,,,,,,,,,,,
,,,,,,,,,,,,,,,,,,,,
,,,,,,,,,,,,,,,,,,,,
,,,,,,,,,,,,,,,,,,,,
,,,,,,,,,,,,,,,,,,,,
,,,,,,,,,,,,,,,,,,,,
,,,,,,,,,,,,,,,,,,,,
,,,,,,,,,,,,,,,,,,,,
,,,,,,,,,,,,,,,,,,,,
,,,,,,,,,,,,,,,,,,,,
,,,,,,,,,,,,,,,,,,,,
,,,,,,,,,,,,,,,,,,,,
,,,,,,,,,,,,,,,,,,,,
,,,,,,,,,,,,,,,,,,,,
,,,,,,,,,,,,,,,,,,,,
,,,,,,,,,,,,,,,,,,,,
,,,,,,,,,,,,,,,,,,,,
,,,,,,,,,,,,,,,,,,,,
,,,,,,,,,,,,,,,,,,,,
,,,,,,,,,,,,,,,,,,,,
,,,,,,,,,,,,,,,,,,,,
,,,,,,,,,,,,,,,,,,,,
,,,,,,,,,,,,,,,,,,,,
,,,,,,,,,,,,,,,,,,,,
,,,,,,,,,,,,,,,,,,,,
,,,,,,,,,,,,,,,,,,,,
,,,,,,,,,,,,,,,,,,,,
,,,,,,,,,,,,,,,,,,,,
,,,,,,,,,,,,,,,,,,,,
,,,,,,,,,,,,,,,,,,,,
,,,,,,,,,,,,,,,,,,,,
,,,,,,,,,,,,,,,,,,,,
,,,,,,,,,,,,,,,,,,,,
,,,,,,,,,,,,,,,,,,,,
,,,,,,,,,,,,,,,,,,,,
,,,,,,,,,,,,,,,,,,,,
,,,,,,,,,,,,,,,,,,,,
,,,,,,,,,,,,,,,,,,,,
,,,,,,,,,,,,,,,,,,,,
,,,,,,,,,,,,,,,,,,,,
,,,,,,,,,,,,,,,,,,,,
,,,,,,,,,,,,,,,,,,,,
,,,,,,,,,,,,,,,,,,,,
,,,,,,,,,,,,,,,,,,,,
,,,,,,,,,,,,,,,,,,,,
,,,,,,,,,,,,,,,,,,,,
,,,,,,,,,,,,,,,,,,,,
,,,,,,,,,,,,,,,,,,,,
,,,,,,,,,,,,,,,,,,,,
,,,,,,,,,,,,,,,,,,,,
,,,,,,,,,,,,,,,,,,,,
,,,,,,,,,,,,,,,,,,,,
,,,,,,,,,,,,,,,,,,,,
,,,,,,,,,,,,,,,,,,,,
,,,,,,,,,,,,,,,,,,,,
,,,,,,,,,,,,,,,,,,,,
,,,,,,,,,,,,,,,,,,,,
,,,,,,,,,,,,,,,,,,,,
,,,,,,,,,,,,,,,,,,,,
,,,,,,,,,,,,,,,,,,,,
,,,,,,,,,,,,,,,,,,,,
,,,,,,,,,,,,,,,,,,,,
,,,,,,,,,,,,,,,,,,,,
,,,,,,,,,,,,,,,,,,,,
,,,,,,,,,,,,,,,,,,,,
,,,,,,,,,,,,,,,,,,,,
,,,,,,,,,,,,,,,,,,,,
,,,,,,,,,,,,,,,,,,,,
,,,,,,,,,,,,,,,,,,,,
,,,,,,,,,,,,,,,,,,,,
,,,,,,,,,,,,,,,,,,,,
,,,,,,,,,,,,,,,,,,,,
,,,,,,,,,,,,,,,,,,,,
,,,,,,,,,,,,,,,,,,,,
,,,,,,,,,,,,,,,,,,,,
,,,,,,,,,,,,,,,,,,,,
,,,,,,,,,,,,,,,,,,,,
,,,,,,,,,,,,,,,,,,,,
,,,,,,,,,,,,,,,,,,,,
,,,,,,,,,,,,,,,,,,,,
,,,,,,,,,,,,,,,,,,,,
,,,,,,,,,,,,,,,,,,,,
,,,,,,,,,,,,,,,,,,,,
,,,,,,,,,,,,,,,,,,,,
,,,,,,,,,,,,,,,,,,,,
,,,,,,,,,,,,,,,,,,,,
,,,,,,,,,,,,,,,,,,,,
,,,,,,,,,,,,,,,,,,,,
,,,,,,,,,,,,,,,,,,,,
,,,,,,,,,,,,,,,,,,,,
,,,,,,,,,,,,,,,,,,,,
,,,,,,,,,,,,,,,,,,,,
,,,,,,,,,,,,,,,,,,,,
,,,,,,,,,,,,,,,,,,,,
,,,,,,,,,,,,,,,,,,,,
,,,,,,,,,,,,,,,,,,,,
,,,,,,,,,,,,,,,,,,,,
,,,,,,,,,,,,,,,,,,,,
,,,,,,,,,,,,,,,,,,,,
,,,,,,,,,,,,,,,,,,,,
,,,,,,,,,,,,,,,,,,,,
,,,,,,,,,,,,,,,,,,,,
,,,,,,,,,,,,,,,,,,,,
,,,,,,,,,,,,,,,,,,,,
,,,,,,,,,,,,,,,,,,,,
,,,,,,,,,,,,,,,,,,,,
,,,,,,,,,,,,,,,,,,,,
,,,,,,,,,,,,,,,,,,,,
,,,,,,,,,,,,,,,,,,,,
