0,1.497423499,2.996445022,4.47889175,5.929353276,7.335058611,8.685753183,9.973575831,11.19293581,12.3405008,13.41793452,14.43375983,15.40272881,16.33905216,17.24887568,18.12977483,18.97386552,19.77128168,20.51391317,21.19952274,21.83494561
-0.170535812,1.324623693,2.818991045,4.294687744,5.736597707,7.132244265,8.471667168,9.747299575,10.95384506,12.08888327,13.15621649,14.16444521,15.12808471,16.05953458,16.96326722,17.83617629,18.67031286,19.45601722,20.18553995,20.85714951,21.47828441
-0.173946456,1.321160395,2.815419866,4.290957991,5.73266322,7.128063418,8.467202868,9.742519263,10.94872071,12.08340575,13.15042321,14.1583706,15.12175644,16.05294264,16.95636716,17.82890792,18.66261186,19.44782009,20.17678684,20.84778848,21.46827745
-0.177356998,1.317697268,2.81184895,4.287228627,5.728729292,7.123883356,8.462739643,9.737740394,10.94359826,12.0779307,13.14463311,14.15230001,15.1154332,16.04635682,16.94947441,17.82164811,18.65492074,19.43963418,20.16804637,20.83844149,21.45828593
-0.180767473,1.314234253,2.808278205,4.283499514,5.724795724,7.119703797,8.45827711,9.732962454,10.93847703,12.07245723,13.13884505,14.14623201,15.10911318,16.03977495,16.94258636,17.8143938,18.64723597,19.43145551,20.15931402,20.82910353,21.44830434
-0.184177899,1.31077132,2.804707586,4.279770586,5.720862422,7.115524612,8.453815088,9.728185199,10.93335671,12.06698493,13.13305849,14.14016594,15.10279556,16.03319599,16.93570179,17.80714357,18.63955589,19.42328217,20.15058768,20.81977226,21.43833009
-0.187588286,1.307308451,2.801137066,4.276041805,5.71692933,7.111345722,8.449353472,9.723408489,10.9282371,12.06151356,13.12727313,14.13410138,15.09647984,16.02661934,16.92881997,17.79989656,18.63187953,19.41511307,20.1418661,20.81044628,21.42836166
-0.190998642,1.303845636,2.797566628,4.272313145,5.712996414,7.107167077,8.444892191,9.718632229,10.92311808,12.05604296,13.12148876,14.12803808,15.09016568,16.0200446,16.92194044,17.79265222,18.62420625,19.40694748,20.13314846,20.80112468,21.41839805
-0.194408969,1.300382868,2.793996261,4.26858459,5.709063646,7.102988641,8.440431197,9.713856354,10.91799957,12.05057301,13.11570524,14.12197586,15.08385286,16.01347149,16.91506285,17.78541017,18.61653561,19.39878488,20.12443419,20.79180683,21.40843855
-0.197819273,1.296920139,2.790425956,4.264856125,5.705131009,7.098810387,8.435970452,9.709080814,10.9128815,12.04510364,13.10992246,14.11591457,15.07754121,16.00689981,16.90818697,17.7781701,18.60886726,19.3906249,20.11572286,20.78249224,21.39848264
-0.201229556,1.293457446,2.786855705,4.26112774,5.701198486,7.094632294,8.431509929,9.704305572,10.90776382,12.03963477,13.10414032,14.10985411,15.0712306,16.00032939,16.90131258,17.7709318,18.60120094,19.38246722,20.10701413,20.77318054,21.38852991
-0.20463982,1.289994784,2.783285502,4.257399427,5.697266067,7.090454347,8.427049605,9.699530596,10.90264649,12.03416636,13.09835878,14.1037944,15.06492091,15.99376011,16.89443955,17.76369508,18.59353645,19.37431162,20.09830773,20.76387144,21.37858003
-0.208050066,1.286532152,2.779715344,4.25367118,5.693333742,7.086276531,8.422589461,9.694755862,10.89752948,12.02869836,13.09257776,14.09773536,15.05861207,15.98719184,16.88756774,17.7564598,18.58587361,19.36615791,20.08960346,20.75456469,21.36863274
-0.211460297,1.283069546,2.776145227,4.249942992,5.689401502,7.082098835,8.418129482,9.689981349,10.89241276,12.02323074,13.08679724,14.09167695,15.05230399,15.98062452,16.88069706,17.74922582,18.57821228,19.35800592,20.08090111,20.74526009,21.35868782
-0.214870513,1.279606964,2.772575146,4.246214859,5.685469342,7.07792125,8.413669655,9.685207041,10.88729631,12.01776347,13.08101716,14.0856191,15.04599663,15.97405807,16.8738274,17.74199306,18.57055235,19.34985551,20.07220056,20.73595748,21.34874508
-0.218280715,1.276144405,2.769005101,4.242486777,5.681537254,7.073743768,8.409209968,9.680432921,10.88218011,12.01229652,13.07523749,14.07956178,15.03968993,15.96749242,16.86695871,17.73476142,18.56289371,19.34170658,20.06350166,20.72665671,21.33880436
-0.221690905,1.272681867,2.765435088,4.238758743,5.677605235,7.069566381,8.404750413,9.675658978,10.87706414,12.00682987,13.06945822,14.07350495,15.03338384,15.96092751,16.8600909,17.72753082,18.55523628,19.33355902,20.0548043,20.71735766,21.32886552
-0.225101084,1.269219348,2.761865104,4.235030754,5.67367328,7.065389084,8.400290981,9.670885199,10.87194838,12.0013635,13.0636793,14.06744858,15.02707832,15.95436331,16.85322394,17.7203012,18.54757998,19.32541274,20.04610838,20.70806021,21.31892845
-0.228511251,1.265756848,2.75829515,4.231302806,5.669741385,7.061211871,8.395831664,9.666111575,10.86683283,11.99589739,13.05790073,14.06139264,15.02077334,15.94779976,16.84635775,17.7130725,18.53992473,19.31726767,20.03741382,20.69876426,21.30899304
-0.231921408,1.262294366,2.754725222,4.227574898,5.665809547,7.057034738,8.391372456,9.661338098,10.86171748,11.99043154,13.05212248,14.05533712,15.01446888,15.94123684,16.83949231,17.70584467,18.53227049,19.30912374,20.02872054,20.68946974,21.29905919
-0.235331555,1.2588319,2.751155319,4.223847027,5.661877762,7.05285768,8.386913351,9.656564759,10.8566023,11.98496592,13.04634453,14.04928198,15.00816489,15.9346745,16.83262757,17.69861766,18.52461719,19.30098088,20.02002848,20.68017657,21.28912682
-0.238741692,1.255369449,2.74758544,4.220119191,5.657946028,7.048680693,8.382454344,9.651791551,10.8514873,11.97950052,13.04056687,14.0432272,15.00186136,15.92811272,16.82576349,17.69139143,18.51696479,19.29283905,20.01133756,20.67088468,21.27919585
-0.242151821,1.251907014,2.744015585,4.216391389,5.654014343,7.044503774,8.37799543,9.647018468,10.84637246,11.97403534,13.03478949,14.03717278,14.99555827,15.92155147,16.81890005,17.68416594,18.50931325,19.28469819,20.00264773,20.66159399,21.26926622
-0.245561941,1.248444593,2.740445751,4.21266362,5.650082703,7.04032692,8.373536604,9.642245505,10.84125778,11.96857036,13.02901237,14.03111869,14.98925559,15.91499072,16.81203721,17.67694115,18.50166252,19.27655826,19.99395895,20.65230447,21.25933787
-0.248972053,1.244982185,2.736875938,4.208935881,5.646151108,7.036150128,8.369077864,9.637472655,10.83614325,11.96310558,13.02323549,14.02506491,14.98295331,15.90843046,16.80517494,17.66971704,18.49401257,19.26841921,19.98527116,20.64301606,21.24941073
-0.252382157,1.241519791,2.733306144,4.205208171,5.642219555,7.031973395,8.364619205,9.632699914,10.83102886,11.95764098,13.01745886,14.01901144,14.97665141,15.90187066,16.79831323,17.66249358,18.48636336,19.26028101,19.97658433,20.63372871,21.23948476
-0.255792254,1.238057409,2.72973637,4.20148049,5.638288043,7.027796718,8.360160623,9.627927277,10.82591461,11.95217656,13.01168246,14.01295827,14.97034987,15.89531131,16.79145204,17.65527073,18.47871487,19.25214362,19.96789841,20.62444237,21.22955991
-0.259202344,1.234595038,2.726166615,4.197752836,5.634356569,7.023620097,8.355702117,9.623154741,10.8208005,11.94671231,13.00590628,14.00690537,14.96404868,15.88875238,16.78459137,17.64804848,18.47106706,19.24400702,19.95921337,20.61515701,21.21963613
-0.262612427,1.23113268,2.722596877,4.194025208,5.630425133,7.019443527,8.351243682,9.618382302,10.81568651,11.94124823,13.00013031,14.00085274,14.95774783,15.88219386,16.77773118,17.64082681,18.46341992,19.23587116,19.95052918,20.60587259,21.20971338
-0.266022503,1.227670333,2.719027156,4.190297605,5.626493733,7.015267009,8.346785317,9.613609955,10.81057264,11.9357843,12.99435454,13.99480037,14.9514473,15.87563574,16.77087147,17.63360569,18.45577341,19.22773604,19.9418458,20.59658908,21.19979163
-0.269432573,1.224207996,2.715457451,4.186570026,5.622562367,7.011090539,8.342327018,9.608837699,10.80545889,11.93032053,12.98857897,13.98874826,14.94514708,15.869078,16.76401221,17.62638509,18.44812752,19.21960161,19.93316321,20.58730644,21.18987084
-0.272842636,1.220745669,2.711887763,4.182842471,5.618631036,7.006914116,8.337868785,9.604065529,10.80034525,11.92485691,12.9828036,13.98269638,14.93884717,15.86252062,16.75715339,17.61916502,18.44048222,19.21146785,19.92448138,20.57802465,21.17995098
-0.276252694,1.217283353,2.70831809,4.179114938,5.614699737,7.002737739,8.333410613,9.599293443,10.79523173,11.91939343,12.9770284,13.97664474,14.93254755,15.85596361,16.750295,17.61194544,18.4328375,19.20333475,19.91580028,20.56874367,21.17003201
-0.279662745,1.213821046,2.704748431,4.175387428,5.610768469,6.998561406,8.328952503,9.594521439,10.79011831,11.91393008,12.97125339,13.97059333,14.92624821,15.84940694,16.74343701,17.60472635,18.42519333,19.19520229,19.9071199,20.55946348,21.16011392
-0.283072792,1.210358749,2.701178787,4.171659938,5.606837232,6.994385116,8.324494451,9.589749513,10.78500499,11.90846688,12.96547855,13.96454214,14.91994915,15.8428506,16.73657943,17.59750772,18.4175497,19.18707043,19.8984402,20.55018406,21.15019667
-0.286482832,1.206896461,2.697609158,4.167932469,5.602906024,6.990208867,8.320036455,9.584977663,10.77989178,11.9030038,12.95970388,13.95849116,14.91365035,15.83629458,16.72972223,17.59028954,18.40990659,19.17893917,19.88976117,20.54090538,21.14028023
-0.289892868,1.203434182,2.694039541,4.16420502,5.598974846,6.986032658,8.315578515,9.580205888,10.77477866,11.89754085,12.95392937,13.95244039,14.90735181,15.82973888,16.72286541,17.5830718,18.40226399,19.17080849,19.88108279,20.53162743,21.13036459
-0.293302898,1.199971911,2.690469938,4.160477591,5.595043695,6.981856489,8.311120629,9.575434185,10.76966564,11.89207802,12.94815501,13.94638982,14.90105352,15.82318349,16.71600895,17.57585449,18.39462188,19.16267837,19.87240504,20.52235017,21.12044971
-0.296712923,1.196509649,2.686900348,4.156750181,5.591112571,6.977680358,8.306662795,9.570662551,10.76455271,11.88661531,12.94238082,13.94033944,14.89475548,15.8166284,16.70915285,17.5686376,18.38698025,19.15454879,19.8637279,20.5130736,21.11053559
-0.300122944,1.193047395,2.68333077,4.153022788,5.587181474,6.973504263,8.302205012,9.565890986,10.75943987,11.88115272,12.93660677,13.93428925,14.88845767,15.81007359,16.70229709,17.56142111,18.37933909,19.14641974,19.85505136,20.50379769,21.1006222
-0.303532959,1.189585148,2.679761204,4.149295414,5.583250402,6.969328205,8.297747278,9.561119487,10.75432712,11.87569024,12.93083287,13.92823926,14.88216009,15.80351906,16.69544167,17.55420501,18.37169838,19.13829121,19.8463754,20.49452242,21.09070951
-0.30694297,1.18612291,2.67619165,4.145568058,5.579319355,6.965152182,8.293289592,9.556348053,10.74921445,11.87022787,12.92505911,13.92218944,14.87586274,15.79696481,16.68858657,17.5469893,18.36405811,19.13016318,19.83770001,20.48524779,21.08079752
-0.310352977,1.182660679,2.672622108,4.141840718,5.575388333,6.960976193,8.288831953,9.551576682,10.74410186,11.86476561,12.91928548,13.91613979,14.86956561,15.79041083,16.6817318,17.53977396,18.35641827,19.12203565,19.82902517,20.47597377,21.0708862
-0.313762979,1.179198455,2.669052577,4.138113395,5.571457335,6.956800238,8.28437436,9.546805373,10.73898936,11.85930345,12.913512,13.91009032,14.86326869,15.78385711,16.67487734,17.53255899,18.34877886,19.11390859,19.82035087,20.46670034,21.06097554
-0.317172977,1.175736239,2.665483057,4.134386088,5.56752636,6.952624315,8.279916812,9.542034123,10.73387693,11.8538414,12.90773864,13.90404102,14.85697199,15.77730364,16.66802318,17.52534437,18.34113986,19.105782,19.81167709,20.4574275,21.05106552
-0.320582971,1.172274029,2.661913547,4.130658797,5.563595408,6.948448425,8.275459308,9.537262932,10.72876459,11.84837944,12.90196542,13.89799188,14.85067548,15.77075043,16.66116932,17.5181301,18.33350125,19.09765587,19.80300383,20.44815524,21.04115613
-0.32399296,1.168811827,2.658344049,4.126931522,5.559664478,6.944272565,8.271001846,9.532491799,10.72365231,11.84291759,12.89619232,13.8919429,14.84437918,15.76419745,16.65431575,17.51091618,18.32586304,19.08953018,19.79433107,20.43888353,21.03124736
-0.327402946,1.165349631,2.65477456,4.123204261,5.555733569,6.940096736,8.266544426,9.527720722,10.71854012,11.83745583,12.89041935,13.88589408,14.83808307,15.75764472,16.64746246,17.50370258,18.31822522,19.08140494,19.7856588,20.42961237,21.02133918
-0.330812928,1.161887441,2.651205082,4.119477016,5.551802682,6.935920936,8.262087047,9.522949699,10.71342799,11.83199416,12.88464649,13.87984541,14.83178715,15.75109222,16.64060945,17.49648931,18.31058777,19.07328011,19.77698701,20.42034174,21.01143159
-0.334222906,1.158425258,2.647635613,4.115749784,5.547871816,6.931745166,8.257629708,9.51817873,10.70831593,11.82653259,12.87887375,13.87379689,14.82549142,15.74453994,16.63375671,17.48927636,18.30295068,19.06515571,19.76831569,20.41107163,21.00152458
-0.33763288,1.154963082,2.644066154,4.112022568,5.54394097,6.927569425,8.253172408,9.513407814,10.70320395,11.8210711,12.87310113,13.86774852,14.81919587,15.73798789,16.62690424,17.48206372,18.29531396,19.05703171,19.75964483,20.40180203,20.99161812
-0.34104285,1.151500911,2.640496704,4.108295365,5.540010144,6.923393711,8.248715147,9.508636949,10.69809203,11.8156097,12.86732862,13.86170029,14.81290051,15.73143606,16.62005203,17.47485138,18.28767758,19.04890812,19.75097442,20.39253294,20.98171222
-0.344452817,1.148038747,2.636927264,4.104568175,5.536079338,6.919218025,8.244257923,9.503866135,10.69298018,11.81014839,12.86155623,13.8556522,14.80660531,15.72488444,16.61320008,17.46763935,18.28004156,19.04078492,19.74230446,20.38326434,20.97180686
-0.34786278,1.144576588,2.633357832,4.100840999,5.532148551,6.915042365,8.239800736,9.49909537,10.68786839,11.80468717,12.85578394,13.84960425,14.80031029,15.71833303,16.60634837,17.4604276,18.27240587,19.0326621,19.73363492,20.37399621,20.96190203
-0.35127274,1.141114435,2.62978841,4.097113836,5.528217783,6.910866732,8.235343585,9.494324654,10.68275667,11.79922602,12.85001176,13.84355644,14.79401544,15.71178183,16.59949692,17.45321615,18.26477051,19.02453966,19.72496581,20.36472857,20.95199771
-0.354682697,1.137652288,2.626218996,4.093386686,5.524287033,6.906691125,8.23088647,9.489553986,10.67764501,11.79376496,12.84423968,13.83750876,14.78772076,15.70523083,16.5926457,17.44600498,18.25713548,19.0164176,19.71629712,20.35546138,20.94209391
-0.35809265,1.134190147,2.622649591,4.089659549,5.520356301,6.902515544,8.226429389,9.484783364,10.67253341,11.78830398,12.8384677,13.83146121,14.78142623,15.69868003,16.58579472,17.43879408,18.24950077,19.00829589,19.70762884,20.34619465,20.9321906
-0.3615026,1.130728011,2.619080194,4.085932424,5.516425587,6.898339987,8.221972343,9.480012788,10.66742187,11.78284307,12.83269583,13.82541378,14.77513187,15.69212942,16.57894397,17.43158346,18.24186637,19.00017454,19.69896096,20.33692836,20.92228779
-0.364912546,1.12726588,2.615510806,4.082205311,5.51249489,6.894164455,8.21751533,9.475242257,10.66231039,11.77738224,12.82692406,13.81936649,14.76883767,15.685579,16.57209345,17.42437311,18.23423228,18.99205355,19.69029347,20.32766252,20.91238546
-0.36832249,1.123803754,2.611941425,4.07847821,5.508564211,6.889988946,8.21305835,9.47047177,10.65719897,11.77192149,12.82115238,13.81331931,14.76254361,15.67902877,16.56524316,17.41716301,18.2265985,18.9839329,19.68162637,20.3183971,20.9024836
-0.37173243,1.120341634,2.608372053,4.074751121,5.504633548,6.885813462,8.208601402,9.465701327,10.6520876,11.76646081,12.8153808,13.80727226,14.75624971,15.67247873,16.55839308,17.40995318,18.21896501,18.97581258,19.67295965,20.30913211,20.8925822
-0.375142368,1.116879519,2.604802688,4.071024043,5.500702902,6.881638,8.204144487,9.460930926,10.6469763,11.76100021,12.80960931,13.80122533,14.74995596,15.66592887,16.55154322,17.4027436,18.21133181,18.9676926,19.66429331,20.29986753,20.88268127
-0.378552302,1.113417409,2.601233331,4.067296977,5.496772273,6.877462562,8.199687603,9.456160568,10.64186504,11.75553967,12.80383791,13.79517852,14.74366236,15.65937919,16.54469358,17.39553426,18.2036989,18.95957295,19.65562733,20.29060337,20.87278078
-0.381962233,1.109955304,2.597663982,4.063569922,5.492841659,6.873287146,8.195230749,9.451390251,10.63675385,11.75007921,12.79806661,13.78913182,14.7373689,15.65282968,16.53784414,17.38832518,18.19606628,18.95145362,19.64696172,20.2813396,20.86288074
-0.385372162,1.106493204,2.59409464,4.059842877,5.488911061,6.869111752,8.190773926,9.446619974,10.6316427,11.74461882,12.79229539,13.78308523,14.73107558,15.64628034,16.53099491,17.38111633,18.18843393,18.9433346,19.63829646,20.27207623,20.85298113
-0.388782088,1.103031108,2.590525306,4.056115844,5.484980479,6.864936379,8.186317132,9.441849738,10.62653161,11.73915849,12.78652427,13.77703876,14.7247824,15.63973118,16.52414588,17.37390772,18.18080185,18.9352159,19.62963155,20.26281325,20.84308195
-0.39219201,1.099569017,2.586955978,4.052388821,5.481049911,6.860761029,8.181860368,9.437079541,10.62142057,11.73369823,12.78075323,13.77099239,14.71848936,15.63318218,16.51729705,17.36669935,18.17317005,18.9270975,19.62096699,20.25355066,20.83318319
-0.395601931,1.096106931,2.583386658,4.048661809,5.477119359,6.856585699,8.177403633,9.432309383,10.61630958,11.72823804,12.77498227,13.76494614,14.71219645,15.62663335,16.51044842,17.35949121,18.16553851,18.91897941,19.61230276,20.24428844,20.82328484
-0.399011848,1.092644849,2.579817345,4.044934807,5.473188822,6.85241039,8.172946927,9.427539263,10.61119864,11.72277791,12.7692114,13.75889999,14.70590367,15.62008468,16.50359998,17.35228329,18.15790723,18.91086161,19.60363887,20.23502659,20.81338691
-0.402421763,1.089182772,2.576248038,4.041207815,5.469258299,6.848235101,8.168490248,9.42276918,10.60608775,11.71731785,12.76344061,13.75285395,14.69961103,15.61353617,16.49675174,17.34507559,18.15027621,18.90274411,19.59497531,20.22576511,20.80348937
-0.405831675,1.0857207,2.572678739,4.037480834,5.465327791,6.844059833,8.164033597,9.417999135,10.60097691,11.71185785,12.75766991,13.74680801,14.69331852,15.60698781,16.48990368,17.33786812,18.14264544,18.89462689,19.58631208,20.21650399,20.79359224
-0.409241584,1.082258631,2.569109446,4.033753862,5.461397297,6.839884584,8.159576973,9.413229126,10.59586612,11.70639791,12.75189928,13.74076217,14.68702613,15.60043961,16.4830558,17.33066086,18.13501493,18.88650996,19.57764916,20.20724322,20.78369549
-0.412651491,1.078796567,2.56554016,4.0300269,5.457466816,6.835709355,8.155120376,9.408459153,10.59075538,11.70093804,12.74612873,13.73471643,14.68073387,15.59389157,16.47620811,17.32345382,18.12738465,18.87839331,19.56898656,20.19798281,20.77379913
-0.416061395,1.075334507,2.56197088,4.026299947,5.45353635,6.831534146,8.150663805,9.403689216,10.58564468,11.69547822,12.74035826,13.7286708,14.67444173,15.58734367,16.46936059,17.31624698,18.11975463,18.87027694,19.56032427,20.18872274,20.76390315
-0.419471297,1.071872452,2.558401606,4.022573004,5.449605897,6.827358955,8.146207261,9.398919314,10.58053403,11.69001847,12.73458787,13.72262525,14.66814971,15.58079593,16.46251326,17.30904036,18.11212484,18.86216083,19.55166229,20.17946301,20.75400754
-0.422881196,1.0684104,2.554832339,4.01884607,5.445675457,6.823183783,8.141750742,9.394149446,10.57542342,11.68455877,12.72881755,13.71657981,14.66185782,15.57424833,16.4556661,17.30183394,18.10449528,18.854045,19.54300061,20.17020362,20.7441123
-0.426291093,1.064948353,2.551263078,4.015119145,5.441745031,6.819008629,8.137294249,9.389379612,10.57031286,11.67909913,12.72304731,13.71053446,14.65556604,15.56770087,16.44881911,17.29462772,18.09686596,18.84592943,19.53433922,20.16094456,20.73421743
-0.429700988,1.061486309,2.547693824,4.01139223,5.437814618,6.814833494,8.13283778,9.384609812,10.56520234,11.67363955,12.71727714,13.70448921,14.64927438,15.56115356,16.44197229,17.2874217,18.08923687,18.83781413,19.52567813,20.15168583,20.72432291
-0.43311088,1.05802427,2.544124575,4.007665323,5.433884217,6.810658377,8.128381337,9.379840045,10.56009186,11.66818003,12.71150705,13.69844404,14.64298283,15.55460638,16.43512564,17.28021587,18.08160801,18.82969908,19.51701733,20.14242741,20.71442875
-0.43652077,1.054562234,2.540555332,4.003938425,5.429953829,6.806483278,8.123924917,9.375070311,10.55498143,11.66272056,12.70573703,13.69239897,14.6366914,15.54805935,16.42827916,17.27301024,18.07397937,18.82158428,19.50835682,20.13316932,20.70453494
-0.439930657,1.051100203,2.536986096,4.000211536,5.426023454,6.802308196,8.119468522,9.370300609,10.54987104,11.65726114,12.69996707,13.68635399,14.63040008,15.54151245,16.42143284,17.2658048,18.06635095,18.81346974,19.49969659,20.12391154,20.69464148
-0.443340543,1.047638175,2.533416865,3.996484656,5.422093091,6.798133131,8.115012151,9.365530938,10.5447607,11.65180179,12.69419719,13.6803091,14.62410888,15.53496569,16.41458668,17.25859955,18.05872275,18.80535544,19.49103664,20.11465407,20.68474835
-0.446750426,1.044176151,2.52984764,3.992757784,5.41816274,6.793958084,8.110555802,9.3607613,10.53965039,11.64634248,12.68842738,13.6742643,14.61781778,15.52841907,16.40774068,17.25139449,18.05109477,18.79724139,19.48237696,20.10539691,20.67485557
-0.450160306,1.04071413,2.52627842,3.98903092,5.414232402,6.789783053,8.106099477,9.355991692,10.53454013,11.64088323,12.68265763,13.66821958,14.61152679,15.52187257,16.40089483,17.24418961,18.04346699,18.78912758,19.47371756,20.09614005,20.66496311
-0.453570185,1.037252113,2.522709206,3.985304065,5.410302075,6.785608039,8.101643175,9.351222115,10.5294299,11.63542403,12.67688796,13.66217495,14.60523591,15.51532621,16.39404914,17.23698492,18.03583943,18.78101402,19.46505842,20.08688349,20.65507099
-0.456980061,1.0337901,2.519139998,3.981577217,5.40637176,6.781433042,8.097186896,9.346452569,10.52431972,11.62996488,12.67111835,13.6561304,14.59894513,15.50877997,16.38720361,17.2297804,18.02821207,18.77290068,19.45639955,20.07762722,20.64517918
-0.460389936,1.030328091,2.515570795,3.977850378,5.402441456,6.777258061,8.092730639,9.341683052,10.51920958,11.62450578,12.6653488,13.65008594,14.59265446,15.50223386,16.38035823,17.22257606,18.02058492,18.76478758,19.44774094,20.06837125,20.6352877
-0.463799808,1.026866085,2.512001598,3.974123547,5.398511164,6.773083096,8.088274404,9.336913565,10.51409947,11.61904673,12.65957932,13.64404156,14.58636389,15.49568788,16.373513,17.2153719,18.01295797,18.75667471,19.4390826,20.05911556,20.62539654
-0.467209678,1.023404082,2.508432406,3.970396724,5.394580884,6.768908146,8.08381819,9.332144107,10.5089894,11.61358774,12.65380991,13.63799726,14.58007342,15.48914202,16.36666791,17.20816791,18.00533123,18.74856207,19.4304245,20.04986016,20.61550568
-0.470619546,1.019942083,2.504863219,3.966669909,5.390650614,6.764733213,8.079361999,9.327374678,10.50387937,11.60812879,12.64804055,13.63195304,14.57378305,15.48259628,16.35982297,17.20096409,17.99770468,18.74044965,19.42176666,20.04060503,20.60561514
-0.474029412,1.016480087,2.501294038,3.962943101,5.386720356,6.760558295,8.074905828,9.322605278,10.49876938,11.60266989,12.64227126,13.6259089,14.56749278,15.47605067,16.35297818,17.19376044,17.99007832,18.73233746,19.41310907,20.03135019,20.59572491
-0.477439276,1.013018095,2.497724861,3.959216301,5.382790108,6.756383393,8.070449679,9.317835906,10.49365943,11.59721104,12.63650204,13.61986485,14.56120261,15.46950517,16.34613353,17.18655696,17.98245216,18.72422549,19.40445173,20.02209562,20.58583497
-0.480849138,1.009556106,2.49415569,3.955489509,5.378859872,6.752208505,8.06599355,9.313066562,10.48854951,11.59175224,12.63073287,13.61382086,14.55491254,15.46295979,16.33928902,17.17935365,17.97482619,18.71611373,19.39579464,20.01284133,20.57594533
-0.484258998,1.00609412,2.490586524,3.951762724,5.374929646,6.748033633,8.061537442,9.308297245,10.48343963,11.58629348,12.62496377,13.60777696,14.54862257,15.45641454,16.33244466,17.17215049,17.96720041,18.70800219,19.38713778,20.0035873,20.56605599
-0.487668856,1.002632138,2.487017363,3.948035946,5.37099943,6.743858775,8.057081354,9.303527956,10.47832978,11.58083477,12.61919472,13.60173313,14.54233268,15.44986939,16.32560043,17.16494751,17.95957481,18.69989086,19.37848116,19.99433354,20.55616695
-0.491078712,0.999170159,2.483448207,3.944309176,5.367069226,6.739683932,8.052625287,9.298758694,10.47321997,11.57537611,12.61342574,13.59568938,14.5360429,15.44332436,16.31875633,17.15774468,17.9519494,18.69177974,19.36982479,19.98508004,20.54627819
-0.494488567,0.995708183,2.479879055,3.940582413,5.363139031,6.735509104,8.048169239,9.293989459,10.4681102,11.56991749,12.60765681,13.5896457,14.52975321,15.43677945,16.31191237,17.15054201,17.94432418,18.68366883,19.36116864,19.97582681,20.53638972
-0.497898419,0.99224621,2.476309909,3.936855657,5.359208847,6.73133429,8.043713211,9.28922025,10.46300046,11.56445892,12.60188794,13.5836021,14.5234636,15.43023465,16.30506855,17.14333949,17.93669913,18.67555813,19.35251273,19.96657383,20.52650153
-0.50130827,0.98878424,2.472740767,3.933128908,5.355278673,6.727159491,8.039257203,9.284451067,10.45789075,11.55900039,12.59611913,13.57755857,14.51717409,15.42368995,16.29822486,17.13613714,17.92907426,18.66744763,19.34385704,19.9573211,20.51661362
-0.504718118,0.985322274,2.46917163,3.929402166,5.351348509,6.722984705,8.034801214,9.279681911,10.45278108,11.55354191,12.59035038,13.57151511,14.51088467,15.41714537,16.2913813,17.12893493,17.92144958,18.65933733,19.33520159,19.94806863,20.50672598
-0.508127965,0.98186031,2.465602498,3.925675431,5.347418355,6.718809933,8.030345244,9.274912779,10.44767145,11.54808347,12.58458168,13.56547173,14.50459534,15.4106009,16.28453787,17.12173288,17.91382506,18.65122723,19.32654635,19.9388164,20.49683863
-0.51153781,0.97839835,2.462033371,3.921948703,5.343488211,6.714635175,8.025889293,9.270143674,10.44256184,11.54262507,12.57881304,13.55942841,14.4983061,15.40405654,16.27769457,17.11453098,17.90620072,18.64311733,19.31789134,19.92956443,20.48695154
-0.514947653,0.974936392,2.458464248,3.918221981,5.339558076,6.710460431,8.021433361,9.265374593,10.43745227,11.53716672,12.57304445,13.55338517,14.49201695,15.39751228,16.2708514,17.10732923,17.89857655,18.63500762,19.30923655,19.9203127,20.47706472
-0.518357495,0.971474437,2.454895129,3.914495267,5.335627951,6.7062857,8.016977447,9.260605537,10.43234273,11.53170841,12.56727592,13.54734199,14.48572788,15.39096813,16.26400835,17.10012762,17.89095255,18.62689811,19.30058198,19.91106121,20.46717817
-0.521767334,0.968012486,2.451326015,3.910768559,5.331697836,6.702110983,8.012521551,9.255836506,10.42723323,11.52625014,12.56150745,13.54129888,14.4794389,15.38442408,16.25716542,17.09292616,17.88332872,18.61878879,19.29192762,19.90180996,20.45729188
-0.525177172,0.964550537,2.447756906,3.907041857,5.32776773,6.697936279,8.008065674,9.251067499,10.42212375,11.52079191,12.55573902,13.53525584,14.47315,15.37788013,16.25032262,17.08572485,17.87570506,18.61067966,19.28327347,19.89255894,20.44740585
-0.528587009,0.961088591,2.444187801,3.903315162,5.323837633,6.693761588,8.003609815,9.246298517,10.41701431,11.51533372,12.54997065,13.52921287,14.46686119,15.37133629,16.24347995,17.07852368,17.86808156,18.60257071,19.27461954,19.88330816,20.43752008
-0.531996843,0.957626648,2.4406187,3.899588474,5.319907546,6.68958691,7.999153973,9.241529558,10.4119049,11.50987558,12.54420233,13.52316997,14.46057246,15.36479255,16.23663739,17.07132265,17.86045823,18.59446196,19.26596582,19.87405762,20.42763457
-0.535406676,0.954164708,2.437049604,3.895861792,5.315977468,6.685412245,7.994698149,9.236760623,10.40679552,11.50441747,12.53843407,13.51712713,14.45428381,15.35824891,16.22979495,17.06412176,17.85283506,18.58635339,19.2573123,19.8648073,20.41774931
-0.538816507,0.950702771,2.433480512,3.892135116,5.312047399,6.681237593,7.990242343,9.231991712,10.40168617,11.49895941,12.53266585,13.51108436,14.44799524,15.35170537,16.22295264,17.05692101,17.84521205,18.578245,19.24865899,19.85555722,20.4078643
-0.542226337,0.947240836,2.429911424,3.888408447,5.308117339,6.677062953,7.985786554,9.227222823,10.39657686,11.49350138,12.52689769,13.50504165,14.44170676,15.34516193,16.21611044,17.0497204,17.83758919,18.57013679,19.24000588,19.84630736,20.39797954
-0.545636164,0.943778905,2.426342341,3.884681783,5.304187288,6.672888326,7.981330782,9.222453958,10.39146757,11.4880434,12.52112958,13.49899901,14.43541835,15.33861859,16.20926835,17.04251992,17.8299665,18.56202876,19.23135298,19.83705772,20.38809503
-0.549045991,0.940316976,2.422773261,3.880955126,5.300257246,6.668713711,7.976875027,9.217685115,10.38635831,11.48258545,12.51536151,13.49295643,14.42913003,15.33207534,16.20242639,17.03531958,17.82234396,18.55392091,19.22270027,19.82780831,20.37821076
-0.552455815,0.936855049,2.419204186,3.877228475,5.296327212,6.664539108,7.972419289,9.212916296,10.38124908,11.47712754,12.5095935,13.48691391,14.42284178,15.32553219,16.19558453,17.02811938,17.81472157,18.54581323,19.21404776,19.81855911,20.36832673
-0.555865638,0.933393125,2.415635115,3.873501831,5.292397188,6.660364518,7.967963568,9.208147498,10.37613988,11.47166967,12.50382554,13.48087146,14.41655361,15.31898913,16.18874279,17.0209193,17.80709934,18.53770573,19.20539545,19.80931014,20.35844294
-0.55927546,0.929931204,2.412066048,3.869775192,5.288467172,6.65618994,7.963507863,9.203378723,10.37103072,11.46621184,12.49805762,13.47482906,14.41026552,15.31244617,16.18190117,17.01371936,17.79947726,18.5295984,19.19674333,19.80006138,20.34855939
-0.56268528,0.926469286,2.408496985,3.866048559,5.284537164,6.652015373,7.959052174,9.19860997,10.36592158,11.46075404,12.49228976,13.46878673,14.40397751,15.3059033,16.17505965,17.00651955,17.79185533,18.52149124,19.18809141,19.79081283,20.33867607
-0.566095098,0.92300737,2.404927926,3.862321932,5.280607165,6.647840819,7.954596502,9.193841238,10.36081246,11.45529629,12.48652194,13.46274446,14.39768957,15.29936053,16.16821824,16.99931987,17.78423355,18.51338425,19.17943967,19.7815645,20.32879299
-0.569504915,0.919545457,2.401358871,3.85859531,5.276677174,6.643666276,7.950140846,9.189072528,10.35570338,11.44983856,12.48075417,13.45670225,14.39140171,15.29281784,16.16137695,16.99212032,17.77661192,18.50527743,19.17078813,19.77231637,20.31891014
-0.57291473,0.916083546,2.39778982,3.854868695,5.272747191,6.639491745,7.945685206,9.18430384,10.35059433,11.44438088,12.47498644,13.4506601,14.38511392,15.28627525,16.15453576,16.98492089,17.76899044,18.49717078,19.16213677,19.76306846,20.30902751
-0.576324544,0.912621638,2.394220773,3.851142085,5.268817217,6.635317225,7.941229582,9.179535173,10.3454853,11.43892323,12.46921876,13.44461801,14.3788262,15.27973275,16.14769468,16.97772159,17.7613691,18.4890643,19.1534856,19.75382075,20.29914512
-0.579734356,0.909159732,2.390651729,3.847415481,5.264887251,6.631142717,7.936773973,9.174766527,10.3403763,11.43346562,12.46345113,13.43857598,14.37253856,15.27319034,16.14085371,16.97052242,17.7537479,18.48095797,19.14483461,19.74457325,20.28926295
-0.583144167,0.905697829,2.38708269,3.843688883,5.260957293,6.62696822,7.93231838,9.169997902,10.33526733,11.42800804,12.45768355,13.43253401,14.366251,15.26664801,16.13401284,16.96332337,17.74612685,18.47285181,19.13618381,19.73532595,20.279381
-0.586553976,0.902235929,2.383513654,3.83996229,5.257027343,6.622793735,7.927862803,9.165229297,10.33015838,11.4225505,12.45191601,13.4264921,14.3599635,15.26010577,16.12717208,16.95612444,17.73850594,18.46474581,19.12753319,19.72607885,20.26949928
-0.589963784,0.89877403,2.379944622,3.836235703,5.253097401,6.618619261,7.92340724,9.160460713,10.32504947,11.417093,12.44614851,13.42045024,14.35367607,15.25356363,16.12033142,16.94892563,17.73088516,18.45663997,19.11888274,19.71683195,20.25961777
-0.59337359,0.895312135,2.376375593,3.832509121,5.249167467,6.614444797,7.918951693,9.15569215,10.31994058,11.41163552,12.44038107,13.41440844,14.34738872,15.24702156,16.11349087,16.94172695,17.72326453,18.44853429,19.11023248,19.70758525,20.24973649
-0.596783395,0.891850241,2.372806569,3.828782545,5.245237541,6.610270345,7.914496161,9.150923606,10.31483171,11.40617809,12.43461366,13.40836669,14.34110144,15.24047959,16.10665041,16.93452838,17.71564404,18.44042877,19.10158239,19.69833875,20.23985542
-0.600193198,0.88838835,2.369237548,3.825055974,5.241307622,6.606095904,7.910040644,9.146155083,10.30972287,11.40072069,12.4288463,13.402325,14.33481422,15.23393769,16.09981006,16.92732993,17.70802368,18.4323234,19.09293248,19.68909244,20.22997456
-0.603603,0.884926462,2.365668531,3.821329408,5.237377711,6.601921473,7.905585142,9.14138658,10.30461406,11.39526332,12.42307898,13.39628337,14.32852708,15.22739589,16.09296981,16.9201316,17.70040346,18.42421819,19.08428274,19.67984632,20.22009392
-0.607012801,0.881464575,2.362099517,3.817602848,5.233447808,6.597747053,7.901129654,9.136618096,10.29950528,11.38980598,12.41731171,13.39024179,14.32224,15.22085416,16.08612966,16.91293339,17.69278338,18.41611313,19.07563317,19.6706004,20.21021349
-0.6104226,0.878002692,2.358530507,3.813876293,5.229517912,6.593572644,7.896674181,9.131849632,10.29439652,11.38434868,12.41154448,13.38420027,14.315953,15.21431252,16.07928961,16.9057353,17.68516343,18.40800822,19.06698378,19.66135467,20.20033326
-0.613832398,0.87454081,2.3549615,3.810149743,5.225588024,6.589398245,7.892218722,9.127081187,10.28928778,11.37889141,12.40577729,13.3781588,14.30966606,15.20777096,16.07244966,16.89853732,17.67754361,18.39990347,19.05833456,19.65210913,20.19045325
-0.617242195,0.871078931,2.351392497,3.806423199,5.221658144,6.585223857,7.887763278,9.122312762,10.28417908,11.37343418,12.40001014,13.37211739,14.30337918,15.20122949,16.0656098,16.89133945,17.66992392,18.39179886,19.0496855,19.64286377,20.18057344
-0.62065199,0.867617054,2.347823498,3.802696659,5.217728271,6.581049479,7.883307848,9.117544355,10.27907039,11.36797697,12.39424304,13.36607603,14.29709238,15.19468809,16.05877004,16.8841417,17.66230437,18.38369441,19.04103661,19.6336186,20.17069383
-0.624061783,0.864155179,2.344254502,3.798970125,5.213798405,6.576875112,7.878852432,9.112775968,10.27396173,11.3625198,12.38847598,13.36003472,14.29080564,15.18814678,16.05193038,16.87694406,17.65468494,18.3755901,19.03238789,19.62437361,20.16081443
-0.627471576,0.860693306,2.340685509,3.795243596,5.209868546,6.572700754,7.874397031,9.108007599,10.2688531,11.35706266,12.38270896,13.35399346,14.28451896,15.18160554,16.04509081,16.86974653,17.64706564,18.36748593,19.02373933,19.61512881,20.15093523
-0.630881367,0.857231436,2.33711652,3.791517072,5.205938695,6.568526407,7.869941643,9.10323925,10.26374449,11.35160556,12.37694198,13.34795226,14.27823235,15.17506439,16.03825134,16.86254911,17.63944647,18.35938192,19.01509094,19.60588419,20.14105623
-0.634291157,0.853769568,2.333547534,3.787790553,5.202008851,6.56435207,7.865486269,9.098470918,10.25863591,11.34614848,12.37117504,13.34191111,14.27194581,15.16852331,16.03141196,16.8553518,17.63182743,18.35127804,19.00644271,19.59663975,20.13117743
-0.637700945,0.850307702,2.329978552,3.784064039,5.198079014,6.560177743,7.861030908,9.093702605,10.25352734,11.34069144,12.36540814,13.33587001,14.26565933,15.16198231,16.02457268,16.8481546,17.62420851,18.34317432,18.99779464,19.58739549,20.12129882
-0.641110732,0.846845839,2.326409573,3.78033753,5.194149184,6.556003426,7.856575561,9.088934311,10.24841881,11.33523442,12.35964128,13.32982896,14.25937291,15.15544139,16.01773348,16.84095751,17.61658972,18.33507073,18.98914673,19.57815141,20.11142041
-0.644520518,0.843383977,2.322840597,3.776611025,5.190219361,6.551829119,7.852120228,9.084166034,10.2433103,11.32977744,12.35387446,13.32378796,14.25308656,15.14890055,16.01089438,16.83376053,17.60897105,18.32696728,18.98049897,19.5689075,20.10154219
-0.647930303,0.839922118,2.319271625,3.772884526,5.186289545,6.547654821,7.847664908,9.079397776,10.23820181,11.32432049,12.34810768,13.31774701,14.24680027,15.14235978,16.00405537,16.82656365,17.60135251,18.31886398,18.97185138,19.55966377,20.09166417
-0.651340086,0.836460261,2.315702656,3.769158031,5.182359736,6.543480533,7.843209602,9.074629535,10.23309334,11.31886357,12.34234094,13.31170611,14.24051404,15.13581909,15.99721645,16.81936688,17.59373409,18.31076081,18.96320394,19.55042021,20.08178634
-0.654749868,0.832998405,2.31213369,3.765431542,5.178429934,6.539306255,7.838754309,9.069861312,10.2279849,11.31340668,12.33657424,13.30566526,14.23422787,15.12927847,15.99037762,16.81217022,17.58611579,18.30265778,18.95455666,19.54117683,20.0719087
-0.658159649,0.829536552,2.308564727,3.761705057,5.174500139,6.535131987,7.834299028,9.065093107,10.22287648,11.30794982,12.33080758,13.29962446,14.22794176,15.12273793,15.98353888,16.80497366,17.57849761,18.29455489,18.94590953,19.53193362,20.06203124
-0.661569428,0.826074702,2.304995768,3.757978576,5.17057035,6.530957727,7.829843761,9.060324919,10.21776808,11.30249299,12.32504096,13.29358371,14.22165572,15.11619746,15.97670023,16.7977772,17.57087954,18.28645213,18.93726256,19.52269057,20.05215397
-0.664979207,0.822612853,2.301426811,3.754252101,5.166640568,6.526783478,7.825388507,9.055556749,10.21265971,11.29703619,12.31927437,13.28754301,14.21536973,15.10965707,15.96986167,16.79058085,17.5632616,18.27834951,18.92861573,19.5134477,20.04227689
-0.668388984,0.819151006,2.297857858,3.75052563,5.162710793,6.522609238,7.820933266,9.050788596,10.20755136,11.29157942,12.31350782,13.28150235,14.20908381,15.10311675,15.96302319,16.7833846,17.55564378,18.27024703,18.91996906,19.50420499,20.0324
-0.67179876,0.815689161,2.294288908,3.746799163,5.158781025,6.518435007,7.816478037,9.04602046,10.20244303,11.28612268,12.30774131,13.27546175,14.20279795,15.0965765,15.9561848,16.77618845,17.54802607,18.26214467,18.91132254,19.49496245,20.02252328
-0.675208534,0.812227318,2.290719961,3.743072702,5.154851263,6.514260785,7.812022821,9.04125234,10.19733473,11.28066596,12.30197484,13.26942119,14.19651214,15.09003633,15.9493465,16.7689924,17.54040848,18.25404245,18.90267616,19.48572008,20.01264675
-0.678618308,0.808765478,2.287151017,3.739346244,5.150921508,6.510086572,7.807567618,9.036484238,10.19222644,11.27520928,12.29620841,13.26338067,14.19022639,15.08349622,15.94250828,16.76179645,17.532791,18.24594037,18.89402994,19.47647787,20.0027704
-0.68202808,0.805303639,2.283582077,3.735619792,5.146991759,6.505912369,7.803112427,9.031716153,10.18711818,11.26975263,12.29044201,13.25734021,14.1839407,15.07695619,15.93567014,16.7546006,17.52517364,18.23783841,18.88538386,19.46723582,19.99289423
-0.685437851,0.801841802,2.280013139,3.731893344,5.143062017,6.501738174,7.798657248,9.026948084,10.18200994,11.264296,12.28467565,13.25129979,14.17765507,15.07041623,15.9288321,16.74740485,17.5175564,18.22973658,18.87673793,19.45799394,19.98301823
-0.688847621,0.798379968,2.276444204,3.7281669,5.139132281,6.497563989,7.794202082,9.022180032,10.17690172,11.2588394,12.27890932,13.24525942,14.1713695,15.06387634,15.92199413,16.7402092,17.50993926,18.22163488,18.86809214,19.44875221,19.97314242
-0.69225739,0.794918135,2.272875273,3.724440461,5.135202551,6.493389813,7.789746928,9.017411996,10.17179353,11.25338283,12.27314303,13.23921909,14.16508399,15.05733652,15.91515625,16.73301365,17.50232224,18.21353331,18.8594465,19.43951065,19.96326678
-0.695667157,0.791456304,2.269306344,3.720714026,5.131272828,6.489215645,7.785291787,9.012643977,10.16668535,11.24792629,12.26737678,13.23317881,14.15879853,15.05079676,15.90831845,16.72581819,17.49470533,18.20543186,18.85080099,19.43026925,19.95339131
-0.699076923,0.787994475,2.265737418,3.716987595,5.127343111,6.485041486,7.780836657,9.007875974,10.1615772,11.24246977,12.26161056,13.22713858,14.15251313,15.04425708,15.90148073,16.71862283,17.48708854,18.19733054,18.84215564,19.421028,19.94351602
-0.702486689,0.784532648,2.262168496,3.713261169,5.1234134,6.480867336,7.776381539,9.003107987,10.15646907,11.23701328,12.25584438,13.22109839,14.14622778,15.03771747,15.8946431,16.71142756,17.47947185,18.18922935,18.83351042,19.41178691,19.9336409
-0.705896453,0.781070823,2.258599576,3.709534747,5.119483696,6.476693195,7.771926434,8.998340016,10.15136096,11.23155682,12.25007823,13.21505824,14.13994249,15.03117792,15.88780554,16.70423239,17.47185527,18.18112828,18.82486534,19.40254598,19.92376595
-0.709306216,0.777609,2.255030659,3.70580833,5.115553997,6.472519062,7.76747134,8.993572061,10.14625287,11.22610039,12.24431212,13.20901814,14.13365726,15.02463844,15.88096807,16.69703731,17.4642388,18.17302734,18.8162204,19.3933052,19.91389117
-0.712715977,0.774147179,2.251461745,3.702081917,5.111624305,6.468344938,7.763016258,8.988804121,10.1411448,11.22064398,12.23854604,13.20297808,14.12737208,15.01809903,15.87413068,16.68984233,17.45662244,18.16492652,18.8075756,19.38406457,19.90401656
-0.716125738,0.77068536,2.247892834,3.698355508,5.107694619,6.464170823,7.758561188,8.984036198,10.13603675,11.2151876,12.23278,13.19693807,14.12108695,15.01155968,15.86729336,16.68264744,17.44900619,18.15682582,18.79893094,19.3748241,19.89414212
-0.719535498,0.767223542,2.244323926,3.694629103,5.103764939,6.459996716,7.754106129,8.97926829,10.13092872,11.20973125,12.22701399,13.1908981,14.11480188,15.0050204,15.86045613,16.67545264,17.44139004,18.14872524,18.79028641,19.36558378,19.88426785
-0.722945256,0.763761726,2.24075502,3.690902702,5.099835265,6.455822617,7.749651082,8.974500397,10.12582072,11.20427492,12.22124802,13.18485817,14.10851686,14.99848119,15.85361897,16.66825794,17.433774,18.14062478,18.78164202,19.35634361,19.8746524
-0.726355014,0.760299913,2.237186118,3.687176306,5.095905597,6.451648527,7.745196046,8.96973252,10.12071273,11.19881862,12.21548208,13.17881829,14.1022319,14.99194204,15.84678189,16.66106333,17.42615806,18.13252445,18.77299777,19.34710359,19.87300331
-0.72976477,0.756838101,2.233617218,3.683449913,5.091975935,6.447474445,7.740741022,8.964964658,10.11560476,11.19336235,12.20971617,13.17277845,14.09594699,14.98540296,15.83994489,16.6538688,17.41854223,18.12442423,18.76435365,19.33786372,19.85036572
-0.733174525,0.75337629,2.230048321,3.679723525,5.088046278,6.443300371,7.736286009,8.960196812,10.11049681,11.1879061,12.2039503,13.16673865,14.08966214,14.97886394,15.83310797,16.64667437,17.4109265,18.11632413,18.75570966,19.328624,19.81054577
-0.736584279,0.749914482,2.226479427,3.675997141,5.084116628,6.439126306,7.731831007,8.955428981,10.10538889,11.18244988,12.19818446,13.1606989,14.08337733,14.97232498,15.82627112,16.63948003,17.40331088,18.10822415,18.7470658,19.31938443,19.75631673
-0.739994032,0.746452676,2.222910535,3.672270761,5.080186983,6.434952248,7.727376017,8.950661164,10.10028098,11.17699368,12.19241865,13.15465918,14.07709258,14.96578609,15.81943435,16.63228577,17.39569536,18.10012429,18.73842208,19.32148782,19.68977916
-0.743403784,0.742990871,2.219341646,3.668544385,5.076257345,6.430778199,7.722921037,8.945893363,10.09517309,11.17153751,12.18665288,13.14861951,14.07080788,14.95924727,15.81259766,16.62509161,17.38807994,18.09202454,18.72977848,19.30884561,19.61257329
-0.746813535,0.739529068,2.21577276,3.664818013,5.072327712,6.426604158,7.718466069,8.941125576,10.09006522,11.16608137,12.18088713,13.14257988,14.06452323,14.9527085,15.80576104,16.61789753,17.38046463,18.08392491,18.72113502,19.28266982,19.52601057
-0.750223285,0.736067266,2.212203877,3.661091645,5.068398084,6.422430125,7.714011112,8.936357804,10.08495738,11.16062525,12.17512143,13.13654029,14.05823864,14.9461698,15.79892449,16.61070354,17.37284941,18.07582539,18.71249169,19.2449153,19.43116037
-0.753633034,0.732605467,2.208634996,3.657365281,5.064468463,6.4182561,7.709556166,8.931590047,10.07984955,11.15516915,12.16935575,13.13050074,14.05195409,14.93963116,15.79208802,16.60350964,17.36523429,18.06772599,18.7152352,19.19712376,19.32987177
-0.757042782,0.729143669,2.205066118,3.653638921,5.060538847,6.414082083,7.70510123,8.926822305,10.07474174,11.14971308,12.1635901,13.12446124,14.0456696,14.93309259,15.78525163,16.59631583,17.35761928,18.0596267,18.71055067,19.14053787,19.23259734
-0.760452528,0.725681873,2.201497243,3.649912565,5.056609236,6.409908073,7.700646305,8.922054577,10.06963395,11.14425703,12.15782449,13.11842177,14.03938515,14.92655407,15.7784153,16.5891221,17.35000436,18.05152752,18.69519202,19.07617715,19.13598062
-0.763862274,0.722220079,2.19792837,3.646186212,5.052679632,6.405734072,7.696191392,8.917286863,10.06452617,11.13880101,12.15205891,13.11238234,14.03310076,14.92001562,15.77157905,16.58192845,17.34238955,18.04342846,18.67050407,19.00489049,19.03996141
-0.767272019,0.718758286,2.1943595,3.642459864,5.048750032,6.401560078,7.691736488,8.912519164,10.05941842,11.13334502,12.14629336,13.10634296,14.02681642,14.91347722,15.76474287,16.57473489,17.33477483,18.04463398,18.6375896,18.92739334,18.94448847
-0.770681762,0.715296495,2.190790633,3.638733519,5.044820439,6.397386092,7.687281596,8.907751479,10.05431069,11.12788904,12.14052784,13.10030361,14.02053212,14.90693889,15.75790677,16.56754142,17.3271602,18.04533475,18.59736634,18.84429508,18.84951721
-0.774091505,0.711834706,2.187221768,3.635007178,5.040890851,6.393212114,7.682826714,8.902983808,10.04920297,11.12243309,12.13476236,13.0942643,14.01424788,14.90040062,15.75107073,16.56034803,17.31954568,18.03769732,18.55060759,18.75611921,18.75501272
-0.777501247,0.708372919,2.183652906,3.631280841,5.036961268,6.389038144,7.678371842,8.898216151,10.04409527,11.11697717,12.1289969,13.08822503,14.00796368,14.8938624,15.74423477,16.55315472,17.31193125,18.02261276,18.49797202,18.66331885,18.66094674
-0.780910987,0.704911133,2.180084046,3.627554508,5.033031691,6.384864181,7.673916981,8.893448508,10.03898759,11.11152127,12.12323147,13.08218581,14.00167953,14.88732425,15.73739888,16.5459615,17.31180486,18.00084216,18.44002581,18.56729708,18.56729701
-0.784320727,0.701449349,2.176515189,3.623828179,5.029102119,6.380690225,7.66946213,8.888680879,10.03387993,11.10606539,12.11746608,13.07614662,13.99539544,14.88078616,15.73056306,16.53876836,17.31528968,17.97304106,18.37725967,18.4740473,18.47404698
-0.787730466,0.697987566,2.172946334,3.620101853,5.025172552,6.376516277,7.66500729,8.883913264,10.02877229,11.10060954,12.11170071,13.07010746,13.98911139,14.87424812,15.72372731,16.5315753,17.31242302,17.93977838,18.31010187,18.38118578,18.38118553
-0.791140203,0.694525785,2.169377482,3.616375531,5.021242991,6.372342337,7.66055246,8.879145663,10.02366467,11.09515371,12.10593538,13.06406835,13.98282738,14.86771014,15.71689163,16.52438232,17.3037581,17.90155124,18.23892861,18.288707,18.28870743
-0.79454994,0.691064006,2.165808633,3.612649213,5.017313435,6.368168404,7.65609764,8.874378076,10.01855706,11.0896979,12.10017008,13.05802928,13.97654343,14.86117223,15.71005602,16.52602834,17.28978895,17.85879672,18.16407217,18.19660895,18.19660869
-0.797959676,0.687602228,2.162239786,3.608922898,5.013383884,6.363994479,7.65164283,8.869610502,10.01344947,11.08424212,12.0944048,13.05199024,13.97025952,14.85463436,15.70322047,16.52995796,17.27095769,17.81190125,18.08582757,18.10489144,18.10489126
-0.801369411,0.684140452,2.158670941,3.605196587,5.009454339,6.35982056,7.64718803,8.864842941,10.0083419,11.07878636,12.08863956,13.04595124,13.96397566,14.84809656,15.696385,16.52922744,17.24766092,17.76120827,18.00445792,18.01355881,18.01355862
-0.804779145,0.680678678,2.155102099,3.60147028,5.005524799,6.35564665,7.64273324,8.860075394,10.00323435,11.07333063,12.08287434,13.03991228,13.95769185,14.84155881,15.6919588,16.52414861,17.22025537,17.70702439,17.92019889,17.92261713,17.92261725
-0.808188877,0.677216905,2.151533259,3.597743976,5.001595264,6.351472746,7.638278461,8.855307861,9.998126814,11.06787491,12.07710916,13.03387336,13.95140808,14.83502112,15.69799191,16.51501422,17.18906277,17.64962457,17.83326235,17.83207376,17.83207446
-0.811598609,0.673755134,2.147964422,3.594017676,4.997665734,6.34729885,7.633823691,8.850540341,9.993019296,11.06241922,12.071344,13.02783447,13.94512436,14.82848349,15.70058739,16.50209793,17.15437408,17.58925631,17.74383947,17.74193835,17.74193887
-0.81500834,0.670293364,2.144395587,3.59029138,4.99373621,6.343124961,7.629368931,8.845772834,9.987911796,11.05696355,12.06557888,13.02179562,13.93884069,14.82752602,15.69989945,16.48565474,17.11645314,17.52614322,17.65222107,17.65222103,17.65222091
-0.81841807,0.666831596,2.140826755,3.586565087,4.98980669,6.338951079,7.624914181,8.84100534,9.982804313,11.05150791,12.05981378,13.01575681,13.93255706,14.8324977,15.69608416,16.46592179,17.07553982,17.46048802,17.56293199,17.56293171,17.5629321
-0.821827799,0.66336983,2.137257925,3.582838797,4.985877176,6.334777204,7.62045944,8.836237859,9.977696848,11.04605228,12.05404871,13.00971803,13.93183275,14.83510271,15.68929671,16.44311937,17.03185272,17.39247503,17.47408325,17.47408341,17.47408275
-0.825237528,0.659908065,2.133689097,3.579112511,4.981947666,6.330603336,7.61600471,8.831470392,9.972589399,11.04059668,12.04828367,13.0036793,13.93603349,14.83539674,15.67968957,16.417452,16.98559155,17.32227238,17.38568564,17.38568593,17.38568579
-0.828647255,0.656446302,2.130120272,3.575386229,4.978018162,6.326429475,7.611549989,8.826702937,9.967481968,11.0351411,12.04251866,13.00712461,13.93863453,14.83344377,15.66741111,16.38910953,16.93693918,17.25003376,17.29775164,17.29775145,17.29775187
-0.832056981,0.65298454,2.126551449,3.57165995,4.974088662,6.322255621,7.607095278,8.821935495,9.962374554,11.02968554,12.03688741,13.00972968,13.9396415,14.82931382,15.65260469,16.35826823,16.88606344,17.1759001,17.21029115,17.21029157,17.21029142
-0.835466707,0.64952278,2.122982628,3.567933675,4.970159168,6.318081775,7.602640576,8.817168066,9.957267156,11.02423001,12.03939226,13.01122164,13.93906799,14.82308122,15.63540809,16.32509183,16.83311864,17.10000087,17.12331647,17.1233164,17.12331667
-0.838876431,0.646061021,2.11941381,3.564207403,4.966229679,6.313907935,7.598185883,8.81240065,9.952159776,11.01877449,12.04103227,13.01159531,13.93693434,14.81482306,15.61595318,16.28973249,16.77824694,17.02245528,17.03683751,17.03683711,17.03683785
-0.842286155,0.642599263,2.115844994,3.560481134,4.962300194,6.309734102,7.593731201,8.807633247,9.947052412,11.013319,12.04180514,13.0108501,13.93326664,14.80461795,15.59436573,16.25233172,16.7215796,16.94337335,16.95086445,16.95086464,16.95086429
-0.845695877,0.639137508,2.112276181,3.556754869,4.958370714,6.305560276,7.589276527,8.802865856,9.941945065,11.01434734,12.04171067,13.00898965,13.92809573,14.79254507,15.57076544,16.21302121,16.66323795,16.86285675,16.86596894,16.8659691,16.8659688
-0.849105599,0.635675753,2.10870737,3.553028607,4.95444124,6.301386457,7.584821863,8.798098478,9.936837734,11.01543255,12.04075072,13.00602142,13.92145633,14.77868336,15.54526599,16.17192367,16.6033344,16.78099964,16.78047296,16.78047308,16.78047295
,,,,,,,,,,,,,,,,,,,,
,,,,,,,,,,,,,,,,,,,,
,,,,,,,,,,,,,,,,,,,,
,,,,,,,,,,,,,,,,,,,,
,,,,,,,,,,,,,,,,,,,,
,,,,,,,,,,,,,,,,,,,,
,,,,,,,,,,,,,,,,,,,,
,,,,,,,,,,,,,,,,,,,,
,,,,,,,,,,,,,,,,,,,,
,,,,,,,,,,,,,,,,,,,,
,,,,,,,,,,,,,,,,,,,,
,,,,,,,,,,,,,,,,,,,,
,,,,,,,,,,,,,,,,,,,,
,,,,,,,,,,,,,,,,,,,,
,,,,,,,,,,,,,,,,,,,,
,,,,,,,,,,,,,,,,,,,,
,,,,,,,,,,,,,,,,,,,,
,,,,,,,,,,,,,,,,,,,,
,,,,,,,,,,,,,,,,,,,,
,,,,,,,,,,,,,,,,,,,,
,,,,,,,,,,,,,,,,,,,,
,,,,,,,,,,,,,,,,,,,,
,,,,,,,,,,,,,,,,,,,,
,,,,,,,,,,,,,,,,,,,,
,,,,,,,,,,,,,,,,,,,,
,,,,,,,,,,,,,,,,,,,,
,,,,,,,,,,,,,,,,,,,,
,,,,,,,,,,,,,,,,,,,,
,,,,,,,,,,,,,,,,,,,,
,,,,,,,,,,,,,,,,,,,,
,,,,,,,,,,,,,,,,,,,,
,,,,,,,,,,,,,,,,,,,,
,,,,,,,,,,,,,,,,,,,,
,,,,,,,,,,,,,,,,,,,,
,,,,,,,,,,,,,,,,,,,,
,,,,,,,,,,,,,,,,,,,,
,,,,,,,,,,,,,,,,,,,,
,,,,,,,,,,,,,,,,,,,,
,,,,,,,,,,,,,,,,,,,,
,,,,,,,,,,,,,,,,,,,,
,,,,,,,,,,,,,,,,,,,,
,,,,,,,,,,,,,,,,,,,,
,,,,,,,,,,,,,,,,,,,,
,,,,,,,,,,,,,,,,,,,,
,,,,,,,,,,,,,,,,,,,,
,,,,,,,,,,,,,,,,,,,,
,,,,,,,,,,,,,,,,,,,,
,,,,,,,,,,,,,,,,,,,,
,,,,,,,,,,,,,,,,,,,,
,,,,,,,,,,,,,,,,,,,,
,,,,,,,,,,,,,,,,,,,,
,,,,,,,,,,,,,,,,,,,,
,,,,,,,,,,,,,,,,,,,,
,,,,,,,,,,,,,,,,,,,,
,,,,,,,,,,,,,,,,,,,,
,,,,,,,,,,,,,,,,,,,,
,,,,,,,,,,,,,,,,,,,,
,,,,,,,,,,,,,,,,,,,,
,,,,,,,,,,,,,,,,,,,,
,,,,,,,,,,,,,,,,,,,,
,,,,,,,,,,,,,,,,,,,,
,,,,,,,,,,,,,,,,,,,,
,,,,,,,,,,,,,,,,,,,,
,,,,,,,,,,,,,,,,,,,,
,,,,,,,,,,,,,,,,,,,,
,,,,,,,,,,,,,,,,,,,,
,,,,,,,,,,,,,,,,,,,,
,,,,,,,,,,,,,,,,,,,,
,,,,,,,,,,,,,,,,,,,,
,,,,,,,,,,,,,,,,,,,,
,,,,,,,,,,,,,,,,,,,,
,,,,,,,,,,,,,,,,,,,,
,,,,,,,,,,,,,,,,,,,,
,,,,,,,,,,,,,,,,,,,,
,,,,,,,,,,,,,,,,,,,,
,,,,,,,,,,,,,,,,,,,,
,,,,,,,,,,,,,,,,,,,,
,,,,,,,,,,,,,,,,,,,,
,,,,,,,,,,,,,,,,,,,,
,,,,,,,,,,,,,,,,,,,,
,,,,,,,,,,,,,,,,,,,,
,,,,,,,,,,,,,,,,,,,,
,,,,,,,,,,,,,,,,,,,,
,,,,,,,,,,,,,,,,,,,,
,,,,,,,,,,,,,,,,,,,,
,,,,,,,,,,,,,,,,,,,,
,,,,,,,,,,,,,,,,,,,,
,,,,,,,,,,,,,,,,,,,,
,,,,,,,,,,,,,,,,,,,,
,,,,,,,,,,,,,,,,,,,,
,,,,,,,,,,,,,,,,,,,,
,,,,,,,,,,,,,,,,,,,,
,,,,,,,,,,,,,,,,,,,,
,,,,,,,,,,,,,,,,,,,,
,,,,,,,,,,,,,,,,,,,,
,,,,,,,,,,,,,,,,,,,,
,,,,,,,,,,,,,,,,,,,,
,,,,,,,,,,,,,,,,,,,,
,,,,,,,,,,,,,,,,,,,,
,,,,,,,,,,,,,,,,,,,,
,,,,,,,,,,,,,,,,,,,,
,,,,,,,,,,,,,,,,,,,,
,,,,,,,,,,,,,,,,,,,,
,,,,,,,,,,,,,,,,,,,,
,,,,,,,,,,,,,,,,,,,,
,,,,,,,,,,,,,,,,,,,,
,,,,,,,,,,,,,,,,,,,,
,,,,,,,,,,,,,,,,,,,,
,,,,,,,,,,,,,,,,,,,,
,,,,,,,,,,,,,,,,,,,,
,,,,,,,,,,,,,,,,,,,,
,,,,,,,,,,,,,,,,,,,,
,,,,,,,,,,,,,,,,,,,,
,,,,,,,,,,,,,,,,,,,,
,,,,,,,,,,,,,,,,,,,,
,,,,,,,,,,,,,,,,,,,,
,,,,,,,,,,,,,,,,,,,,
,,,,,,,,,,,,,,,,,,,,
,,,,,,,,,,,,,,,,,,,,
,,,,,,,,,,,,,,,,,,,,
,,,,,,,,,,,,,,,,,,,,
,,,,,,,,,,,,,,,,,,,,
,,,,,,,,,,,,,,,,,,,,
,,,,,,,,,,,,,,,,,,,,
,,,,,,,,,,,,,,,,,,,,
,,,,,,,,,,,,,,,,,,,,
,,,,,,,,,,,,,,,,,,,,
,,,,,,,,,,,,,,,,,,,,
,,,,,,,,,,,,,,,,,,,,
,,,,,,,,,,,,,,,,,,,,
,,,,,,,,,,,,,,,,,,,,
,,,,,,,,,,,,,,,,,,,,
,,,,,,,,,,,,,,,,,,,,
,,,,,,,,,,,,,,,,,,,,
,,,,,,,,,,,,,,,,,,,,
,,,,,,,,,,,,,,,,,,,,
,,,,,,,,,,,,,,,,,,,,
,,,,,,,,,,,,,,,,,,,,
,,,,,,,,,,,,,,,,,,,,
,,,,,,,,,,,,,,,,,,,,
,,,,,,,,,,,,,,,,,,,,
,,,,,,,,,,,,,,,,,,,,
,,,,,,,,,,,,,,,,,,,,
,,,,,,,,,,,,,,,,,,,,
,,,,,,,,,,,,,,,,,,,,
,,,,,,,,,,,,,,,,,,,,
,,,,,,,,,,,,,,,,,,,,
,,,,,,,,,,,,,,,,,,,,
,,,,,,,,,,,,,,,,,,,,
,,,,,,,,,,,,,,,,,,,,
,,,,,,,,,,,,,,,,,,,,
,,,,,,,,,,,,,,,,,,,,
,,,,,,,,,,,,,,,,,,,,
,,,,,,,,,,,,,,,,,,,,
,,,,,,,,,,,,,,,,,,,,
,,,,,,,,,,,,,,,,,,,,
,,,,,,,,,,,,,,,,,,,,
,,,,,,,,,,,,,,,,,,,,
,,,,,,,,,,,,,,,,,,,,
,,,,,,,,,,,,,,,,,,,,
,,,,,,,,,,,,,,,,,,,,
,,,,,,,,,,,,,,,,,,,,
,,,,,,,,,,,,,,,,,,,,
,,,,,,,,,,,,,,,,,,,,
,,,,,,,,,,,,,,,,,,,,
,,,,,,,,,,,,,,,,,,,,
,,,,,,,,,,,,,,,,,,,,
,,,,,,,,,,,,,,,,,,,,
,,,,,,,,,,,,,,,,,,,,
,,,,,,,,,,,,,,,,,,,,
,,,,,,,,,,,,,,,,,,,,
,,,,,,,,,,,,,,,,,,,,
,,,,,,,,,,,,,,,,,,,,
,,,,,,,,,,,,,,,,,,,,
,,,,,,,,,,,,,,,,,,,,
,,,,,,,,,,,,,,,,,,,,
,,,,,,,,,,,,,,,,,,,,
,,,,,,,,,,,,,,,,,,,,
,,,,,,,,,,,,,,,,,,,,
,,,,,,,,,,,,,,,,,,,,
,,,,,,,,,,,,,,,,,,,,
,,,,,,,,,,,,,,,,,,,,
,,,,,,,,,,,,,,,,,,,,
,,,,,,,,,,,,,,,,,,,,
,,,,,,,,,,,,,,,,,,,,
,,,,,,,,,,,,,,,,,,,,
,,,,,,,,,,,,,,,,,,,,
,,,,,,,,,,,,,,,,,,,,
,,,,,,,,,,,,,,,,,,,,
,,,,,,,,,,,,,,,,,,,,
,,,,,,,,,,,,,,,,,,,,
,,,,,,,,,,,,,,,,,,,,
,,,,,,,,,,,,,,,,,,,,
,,,,,,,,,,,,,,,,,,,,
,,,,,,,,,,,,,,,,,,,,
,,,,,,,,,,,,,,,,,,,,
,,,,,,,,,,,,,,,,,,,,
,,,,,,,,,,,,,,,,,,,,
,,,,,,,,,,,,,,,,,,,,
,,,,,,,,,,,,,,,,,,,,
,,,,,,,,,,,,,,,,,,,,
,,,,,,,,,,,,,,,,,,,,
,,,,,,,,,,,,,,,,,,,,
,,,,,,,,,,,,,,,,,,,,
,,,,,,,,,,,,,,,,,,,,
,,,,,,,,,,,,,,,,,,,,
,,,,,,,,,,,,,,,,,,,,
,,,,,,,,,,,,,,,,,,,,
,,,,,,,,,,,,,,,,,,,,
,,,,,,,,,,,,,,,,,,,,
,,,,,,,,,,,,,,,,,,,,
,,,,,,,,,,,,,,,,,,,,
,,,,,,,,,,,,,,,,,,,,
,,,,,,,,,,,,,,,,,,,,
,,,,,,,,,,,,,,,,,,,,
,,,,,,,,,,,,,,,,,,,,
,,,,,,,,,,,,,,,,,,,,
,,,,,,,,,,,,,,,,,,,,
,,,,,,,,,,,,,,,,,,,,
,,,,,,,,,,,,,,,,,,,,
,,,,,,,,,,,,,,,,,,,,
,,,,,,,,,,,,,,,,,,,,
,,,,,,,,,,,,,,,,,,,,
,,,,,,,,,,,,,,,,,,,,
,,,,,,,,,,,,,,,,,,,,
,,,,,,,,,,,,,,,,,,,,
,,,,,,,,,,,,,,,,,,,,
,,,,,,,,,,,,,,,,,,,,
,,,,,,,,,,,,,,,,,,,,
,,,,,,,,,,,,,,,,,,,,
,,,,,,,,,,,,,,,,,,,,
,,,,,,,,,,,,,,,,,,,,
,,,,,,,,,,,,,,,,,,,,
,,,,,,,,,,,,,,,,,,,,
,,,,,,,,,,,,,,,,,,,,
,,,,,,,,,,,,,,,,,,,,
,,,,,,,,,,,,,,,,,,,,
,,,,,,,,,,,,,,,,,,,,
,,,,,,,,,,,,,,,,,,,,
,,,,,,,,,,,,,,,,,,,,
,,,,,,,,,,,,,,,,,,,,
,,,,,,,,,,,,,,,,,,,,
,,,,,,,,,,,,,,,,,,,,
,,,,,,,,,,,,,,,,,,,,
,,,,,,,,,,,,,,,,,,,,
,,,,,,,,,,,,,,,,,,,,
,,,,,,,,,,,,,,,,,,,,
,,,,,,,,,,,,,,,,,,,,
,,,,,,,,,,,,,,,,,,,,
,,,,,,,,,,,,,,,,,,,,
,,,,,,,,,,,,,,,,,,,,
,,,,,,,,,,,,,,,,,,,,
,,,,,,,,,,,,,,,,,,,,
,,,,,,,,,,,,,,,,,,,,
,,,,,,,,,,,,,,,,,,,,
,,,,,,,,,,,,,,,,,,,,
,,,,,,,,,,,,,,,,,,,,
,,,,,,,,,,,,,,,,,,,,
,,,,,,,,,,,,,,,,,,,,
,,,,,,,,,,,,,,,,,,,,
,,,,,,,,,,,,,,,,,,,,
,,,,,,,,,,,,,,,,,,,,
,,,,,,,,,,,,,,,,,,,,
,,,,,,,,,,,,,,,,,,,,
,,,,,,,,,,,,,,,,,,,,
,,,,,,,,,,,,,,,,,,,,
,,,,,,,,,,,,,,,,,,,,
,,,,,,,,,,,,,,,,,,,,
,,,,,,,,,,,,,,,,,,,,
,,,,,,,,,,,,,,,,,,,,
,,,,,,,,,,,,,,,,,,,,
,,,,,,,,,,,,,,,,,,,,
,,,,,,,,,,,,,,,,,,,,
,,,,,,,,,,,,,,,,,,,,
,,,,,,,,,,,,,,,,,,,,
,,,,,,,,,,,,,,,,,,,,
,,,,,,,,,,,,,,,,,,,,
,,,,,,,,,,,,,,,,,,,,
,,,,,,,,,,,,,,,,,,,,
,,,,,,,,,,,,,,,,,,,,
,,,,,,,,,,,,,,,,,,,,
,,,,,,,,,,,,,,,,,,,,
,,,,,,,,,,,,,,,,,,,,
,,,,,,,,,,,,,,,,,,,,
,,,,,,,,,,,,,,,,,,,,
,,,,,,,,,,,,,,,,,,,,
,,,,,,,,,,,,,,,,,,,,
,,,,,,,,,,,,,,,,,,,,
,,,,,,,,,,,,,,,,,,,,
,,,,,,,,,,,,,,,,,,,,
,,,,,,,,,,,,,,,,,,,,
,,,,,,,,,,,,,,,,,,,,
,,,,,,,,,,,,,,,,,,,,
,,,,,,,,,,,,,,,,,,,,
,,,,,,,,,,,,,,,,,,,,
,,,,,,,,,,,,,,,,,,,,
,,,,,,,,,,,,,,,,,,,,
,,,,,,,,,,,,,,,,,,,,
,,,,,,,,,,,,,,,,,,,,
,,,,,,,,,,,,,,,,,,,,
,,,,,,,,,,,,,,,,,,,,
,,,,,,,,,,,,,,,,,,,,
,,,,,,,,,,,,,,,,,,,,
,,,,,,,,,,,,,,,,,,,,
,,,,,,,,,,,,,,,,,,,,
,,,,,,,,,,,,,,,,,,,,
,,,,,,,,,,,,,,,,,,,,
,,,,,,,,,,,,,,,,,,,,
,,,,,,,,,,,,,,,,,,,,
,,,,,,,,,,,,,,,,,,,,
,,,,,,,,,,,,,,,,,,,,
,,,,,,,,,,,,,,,,,,,,
,,,,,,,,,,,,,,,,,,,,
,,,,,,,,,,,,,,,,,,,,
,,,,,,,,,,,,,,,,,,,,
,,,,,,,,,,,,,,,,,,,,
,,,,,,,,,,,,,,,,,,,,
,,,,,,,,,,,,,,,,,,,,
,,,,,,,,,,,,,,,,,,,,
,,,,,,,,,,,,,,,,,,,,
,,,,,,,,,,,,,,,,,,,,
,,,,,,,,,,,,,,,,,,,,
,,,,,,,,,,,,,,,,,,,,
,,,,,,,,,,,,,,,,,,,,
,,,,,,,,,,,,,,,,,,,,
,,,,,,,,,,,,,,,,,,,,
,,,,,,,,,,,,,,,,,,,,
,,,,,,,,,,,,,,,,,,,,
,,,,,,,,,,,,,,,,,,,,
,,,,,,,,,,,,,,,,,,,,
,,,,,,,,,,,,,,,,,,,,
,,,,,,,,,,,,,,,,,,,,
,,,,,,,,,,,,,,,,,,,,
,,,,,,,,,,,,,,,,,,,,
,,,,,,,,,,,,,,,,,,,,
,,,,,,,,,,,,,,,,,,,,
,,,,,,,,,,,,,,,,,,,,
,,,,,,,,,,,,,,,,,,,,
,,,,,,,,,,,,,,,,,,,,
,,,,,,,,,,,,,,,,,,,,
,,,,,,,,,,,,,,,,,,,,
,,,,,,,,,,,,,,,,,,,,
,,,,,,,,,,,,,,,,,,,,
,,,,,,,,,,,,,,,,,,,,
,,,,,,,,,,,,,,,,,,,,
,,,,,,,,,,,,,,,,,,,,
,,,,,,,,,,,,,,,,,,,,
,,,,,,,,,,,,,,,,,,,,
,,,,,,,,,,,,,,,,,,,,
,,,,,,,,,,,,,,,,,,,,
,,,,,,,,,,,,,,,,,,,,
,,,,,,,,,,,,,,,,,,,,
,,,,,,,,,,,,,,,,,,,,
,,,,,,,,,,,,,,,,,,,,
,,,,,,,,,,,,,,,,,,,,
,,,,,,,,,,,,,,,,,,,,
,,,,,,,,,,,,,,,,,,,,
,,,,,,,,,,,,,,,,,,,,
,,,,,,,,,,,,,,,,,,,,
,,,,,,,,,,,,,,,,,,,,
,,,,,,,,,,,,,,,,,,,,
,,,,,,,,,,,,,,,,,,,,
,,,,,,,,,,,,,,,,,,,,
,,,,,,,,,,,,,,,,,,,,
,,,,,,,,,,,,,,,,,,,,
,,,,,,,,,,,,,,,,,,,,
,,,,,,,,,,,,,,,,,,,,
,,,,,,,,,,,,,,,,,,,,
,,,,,,,,,,,,,,,,,,,,
,,,,,,,,,,,,,,,,,,,,
,,,,,,,,,,,,,,,,,,,,
,,,,,,,,,,,,,,,,,,,,
,,,,,,,,,,,,,,,,,,,,
,,,,,,,,,,,,,,,,,,,,
,,,,,,,,,,,,,,,,,,,,
,,,,,,,,,,,,,,,,,,,,
,,,,,,,,,,,,,,,,,,,,
,,,,,,,,,,,,,,,,,,,,
,,,,,,,,,,,,,,,,,,,,
,,,,,,,,,,,,,,,,,,,,
,,,,,,,,,,,,,,,,,,,,
,,,,,,,,,,,,,,,,,,,,
,,,,,,,,,,,,,,,,,,,,
,,,,,,,,,,,,,,,,,,,,
,,,,,,,,,,,,,,,,,,,,
,,,,,,,,,,,,,,,,,,,,
,,,,,,,,,,,,,,,,,,,,
,,,,,,,,,,,,,,,,,,,,
,,,,,,,,,,,,,,,,,,,,
,,,,,,,,,,,,,,,,,,,,
,,,,,,,,,,,,,,,,,,,,
,,,,,,,,,,,,,,,,,,,,
,,,,,,,,,,,,,,,,,,,,
,,,,,,,,,,,,,,,,,,,,
,,,,,,,,,,,,,,,,,,,,
,,,,,,,,,,,,,,,,,,,,
,,,,,,,,,,,,,,,,,,,,
,,,,,,,,,,,,,,,,,,,,
,,,,,,,,,,,,,,,,,,,,
,,,,,,,,,,,,,,,,,,,,
,,,,,,,,,,,,,,,,,,,,
,,,,,,,,,,,,,,,,,,,,
,,,,,,,,,,,,,,,,,,,,
,,,,,,,,,,,,,,,,,,,,
,,,,,,,,,,,,,,,,,,,,
,,,,,,,,,,,,,,,,,,,,
,,,,,,,,,,,,,,,,,,,,
,,,,,,,,,,,,,,,,,,,,
,,,,,,,,,,,,,,,,,,,,
,,,,,,,,,,,,,,,,,,,,
,,,,,,,,,,,,,,,,,,,,
,,,,,,,,,,,,,,,,,,,,
,,,,,,,,,,,,,,,,,,,,
,,,,,,,,,,,,,,,,,,,,
,,,,,,,,,,,,,,,,,,,,
,,,,,,,,,,,,,,,,,,,,
,,,,,,,,,,,,,,,,,,,,
,,,,,,,,,,,,,,,,,,,,
,,,,,,,,,,,,,,,,,,,,
,,,,,,,,,,,,,,,,,,,,
,,,,,,,,,,,,,,,,,,,,
,,,,,,,,,,,,,,,,,,,,
,,,,,,,,,,,,,,,,,,,,
,,,,,,,,,,,,,,,,,,,,
,,,,,,,,,,,,,,,,,,,,
,,,,,,,,,,,,,,,,,,,,
,,,,,,,,,,,,,,,,,,,,
,,,,,,,,,,,,,,,,,,,,
,,,,,,,,,,,,,,,,,,,,
,,,,,,,,,,,,,,,,,,,,
,,,,,,,,,,,,,,,,,,,,
,,,,,,,,,,,,,,,,,,,,
,,,,,,,,,,,,,,,,,,,,
,,,,,,,,,,,,,,,,,,,,
,,,,,,,,,,,,,,,,,,,,
,,,,,,,,,,,,,,,,,,,,
,,,,,,,,,,,,,,,,,,,,
,,,,,,,,,,,,,,,,,,,,
,,,,,,,,,,,,,,,,,,,,
,,,,,,,,,,,,,,,,,,,,
,,,,,,,,,,,,,,,,,,,,
,,,,,,,,,,,,,,,,,,,,
,,,,,,,,,,,,,,,,,,,,
,,,,,,,,,,,,,,,,,,,,
,,,,,,,,,,,,,,,,,,,,
,,,,,,,,,,,,,,,,,,,,
,,,,,,,,,,,,,,,,,,,,
,,,,,,,,,,,,,,,,,,,,
,,,,,,,,,,,,,,,,,,,,
,,,,,,,,,,,,,,,,,,,,
,,,,,,,,,,,,,,,,,,,,
,,,,,,,,,,,,,,,,,,,,
,,,,,,,,,,,,,,,,,,,,
,,,,,,,,,,,,,,,,,,,,
,,,,,,,,,,,,,,,,,,,,
,,,,,,,,,,,,,,,,,,,,
,,,,,,,,,,,,,,,,,,,,
,,,,,,,,,,,,,,,,,,,,
,,,,,,,,,,,,,,,,,,,,
,,,,,,,,,,,,,,,,,,,,
,,,,,,,,,,,,,,,,,,,,
,,,,,,,,,,,,,,,,,,,,
,,,,,,,,,,,,,,,,,,,,
,,,,,,,,,,,,,,,,,,,,
,,,,,,,,,,,,,,,,,,,,
,,,,,,,,,,,,,,,,,,,,
,,,,,,,,,,,,,,,,,,,,
,,,,,,,,,,,,,,,,,,,,
,,,,,,,,,,,,,,,,,,,,
,,,,,,,,,,,,,,,,,,,,
,,,,,,,,,,,,,,,,,,,,
,,,,,,,,,,,,,,,,,,,,
,,,,,,,,,,,,,,,,,,,,
,,,,,,,,,,,,,,,,,,,,
,,,,,,,,,,,,,,,,,,,,
,,,,,,,,,,,,,,,,,,,,
,,,,,,,,,,,,,,,,,,,,
,,,,,,,,,,,,,,,,,,,,
,,,,,,,,,,,,,,,,,,,,
,,,,,,,,,,,,,,,,,,,,
,,,,,,,,,,,,,,,,,,,,
,,,,,,,,,,,,,,,,,,,,
,,,,,,,,,,,,,,,,,,,,
,,,,,,,,,,,,,,,,,,,,
,,,,,,,,,,,,,,,,,,,,
,,,,,,,,,,,,,,,,,,,,
,,,,,,,,,,,,,,,,,,,,
,,,,,,,,,,,,,,,,,,,,
,,,,,,,,,,,,,,,,,,,,
,,,,,,,,,,,,,,,,,,,,
,,,,,,,,,,,,,,,,,,,,
,,,,,,,,,,,,,,,,,,,,
,,,,,,,,,,,,,,,,,,,,
,,,,,,,,,,,,,,,,,,,,
,,,,,,,,,,,,,,,,,,,,
,,,,,,,,,,,,,,,,,,,,
,,,,,,,,,,,,,,,,,,,,
,,,,,,,,,,,,,,,,,,,,
,,,,,,,,,,,,,,,,,,,,
,,,,,,,,,,,,,,,,,,,,
,,,,,,,,,,,,,,,,,,,,
,,,,,,,,,,,,,,,,,,,,
,,,,,,,,,,,,,,,,,,,,
,,,,,,,,,,,,,,,,,,,,
,,,,,,,,,,,,,,,,,,,,
,,,,,,,,,,,,,,,,,,,,
,,,,,,,,,,,,,,,,,,,,
,,,,,,,,,,,,,,,,,,,,
,,,,,,,,,,,,,,,,,,,,
,,,,,,,,,,,,,,,,,,,,
,,,,,,,,,,,,,,,,,,,,
,,,,,,,,,,,,,,,,,,,,
,,,,,,,,,,,,,,,,,,,,
,,,,,,,,,,,,,,,,,,,,
,,,,,,,,,,,,,,,,,,,,
,,,,,,,,,,,,,,,,,,,,
,,,,,,,,,,,,,,,,,,,,
,,,,,,,,,,,,,,,,,,,,
,,,,,,,,,,,,,,,,,,,,
,,,,,,,,,,,,,,,,,,,,
,,,,,,,,,,,,,,,,,,,,
,,,,,,,,,,,,,,,,,,,,
,,,,,,,,,,,,,,,,,,,,
,,,,,,,,,,,,,,,,,,,,
,,,,,,,,,,,,,,,,,,,,
,,,,,,,,,,,,,,,,,,,,
,,,,,,,,,,,,,,,,,,,,
,,,,,,,,,,,,,,,,,,,,
,,,,,,,,,,,,,,,,,,,,
,,,,,,,,,,,,,,,,,,,,
,,,,,,,,,,,,,,,,,,,,
,,,,,,,,,,,,,,,,,,,,
,,,,,,,,,,,,,,,,,,,,
,,,,,,,,,,,,,,,,,,,,
,,,,,,,,,,,,,,,,,,,,
,,,,,,,,,,,,,,,,,,,,
,,,,,,,,,,,,,,,,,,,,
,,,,,,,,,,,,,,,,,,,,
,,,,,,,,,,,,,,,,,,,,
,,,,,,,,,,,,,,,,,,,,
,,,,,,,,,,,,,,,,,,,,
,,,,,,,,,,,,,,,,,,,,
,,,,,,,,,,,,,,,,,,,,
,,,,,,,,,,,,,,,,,,,,
,,,,,,,,,,,,,,,,,,,,
,,,,,,,,,,,,,,,,,,,,
,,,,,,,,,,,,,,,,,,,,
,,,,,,,,,,,,,,,,,,,,
,,,,,,,,,,,,,,,,,,,,
,,,,,,,,,,,,,,,,,,,,
,,,,,,,,,,,,,,,,,,,,
,,,,,,,,,,,,,,,,,,,,
,,,,,,,,,,,,,,,,,,,,
,,,,,,,,,,,,,,,,,,,,
,,,,,,,,,,,,,,,,,,,,
,,,,,,,,,,,,,,,,,,,,
,,,,,,,,,,,,,,,,,,,,
,,,,,,,,,,,,,,,,,,,,
,,,,,,,,,,,,,,,,,,,,
,,,,,,,,,,,,,,,,,,,,
,,,,,,,,,,,,,,,,,,,,
,,,,,,,,,,,,,,,,,,,,
,,,,,,,,,,,,,,,,,,,,
,,,,,,,,,,,,,,,,,,,,
,,,,,,,,,,,,,,,,,,,,
,,,,,,,,,,,,,,,,,,,,
,,,,,,,,,,,,,,,,,,,,
,,,,,,,,,,,,,,,,,,,,
,,,,,,,,,,,,,,,,,,,,
,,,,,,,,,,,,,,,,,,,,
,,,,,,,,,,,,,,,,,,,,
,,,,,,,,,,,,,,,,,,,,
,,,,,,,,,,,,,,,,,,,,
,,,,,,,,,,,,,,,,,,,,
,,,,,,,,,,,,,,,,,,,,
,,,,,,,,,,,,,,,,,,,,
,,,,,,,,,,,,,,,,,,,,
,,,,,,,,,,,,,,,,,,,,
,,,,,,,,,,,,,,,,,,,,
,,,,,,,,,,,,,,,,,,,,
,,,,,,,,,,,,,,,,,,,,
,,,,,,,,,,,,,,,,,,,,
,,,,,,,,,,,,,,,,,,,,
,,,,,,,,,,,,,,,,,,,,
,,,,,,,,,,,,,,,,,,,,
,,,,,,,,,,,,,,,,,,,,
,,,,,,,,,,,,,,,,,,,,
,,,,,,,,,,,,,,,,,,,,
,,,,,,,,,,,,,,,,,,,,
,,,,,,,,,,,,,,,,,,,,
,,,,,,,,,,,,,,,,,,,,
,,,,,,,,,,,,,,,,,,,,
,,,,,,,,,,,,,,,,,,,,
,,,,,,,,,,,,,,,,,,,,
,,,,,,,,,,,,,,,,,,,,
,,,,,,,,,,,,,,,,,,,,
,,,,,,,,,,,,,,,,,,,,
,,,,,,,,,,,,,,,,,,,,
,,,,,,,,,,,,,,,,,,,,
,,,,,,,,,,,,,,,,,,,,
,,,,,,,,,,,,,,,,,,,,
,,,,,,,,,,,,,,,,,,,,
,,,,,,,,,,,,,,,,,,,,
,,,,,,,,,,,,,,,,,,,,
,,,,,,,,,,,,,,,,,,,,
,,,,,,,,,,,,,,,,,,,,
,,,,,,,,,,,,,,,,,,,,
,,,,,,,,,,,,,,,,,,,,
,,,,,,,,,,,,,,,,,,,,
,,,,,,,,,,,,,,,,,,,,
,,,,,,,,,,,,,,,,,,,,
,,,,,,,,,,,,,,,,,,,,
,,,,,,,,,,,,,,,,,,,,
,,,,,,,,,,,,,,,,,,,,
,,,,,,,,,,,,,,,,,,,,
,,,,,,,,,,,,,,,,,,,,
,,,,,,,,,,,,,,,,,,,,
,,,,,,,,,,,,,,,,,,,,
,,,,,,,,,,,,,,,,,,,,
,,,,,,,,,,,,,,,,,,,,
,,,,,,,,,,,,,,,,,,,,
,,,,,,,,,,,,,,,,,,,,
,,,,,,,,,,,,,,,,,,,,
,,,,,,,,,,,,,,,,,,,,
,,,,,,,,,,,,,,,,,,,,
,,,,,,,,,,,,,,,,,,,,
,,,,,,,,,,,,,,,,,,,,
,,,,,,,,,,,,,,,,,,,,
,,,,,,,,,,,,,,,,,,,,
,,,,,,,,,,,,,,,,,,,,
,,,,,,,,,,,,,,,,,,,,
,,,,,,,,,,,,,,,,,,,,
,,,,,,,,,,,,,,,,,,,,
,,,,,,,,,,,,,,,,,,,,
,,,,,,,,,,,,,,,,,,,,
,,,,,,,,,,,,,,,,,,,,
,,,,,,,,,,,,,,,,,,,,
,,,,,,,,,,,,,,,,,,,,
,,,,,,,,,,,,,,,,,,,,
,,,,,,,,,,,,,,,,,,,,
,,,,,,,,,,,,,,,,,,,,
,,,,,,,,,,,,,,,,,,,,
,,,,,,,,,,,,,,,,,,,,
,,,,,,,,,,,,,,,,,,,,
,,,,,,,,,,,,,,,,,,,,
,,,,,,,,,,,,,,,,,,,,
,,,,,,,,,,,,,,,,,,,,
,,,,,,,,,,,,,,,,,,,,
,,,,,,,,,,,,,,,,,,,,
,,,,,,,,,,,,,,,,,,,,
,,,,,,,,,,,,,,,,,,,,
,,,,,,,,,,,,,,,,,,,,
,,,,,,,,,,,,,,,,,,,,
,,,,,,,,,,,,,,,,,,,,
,,,,,,,,,,,,,,,,,,,,
,,,,,,,,,,,,,,,,,,,,
,,,,,,,,,,,,,,,,,,,,
,,,,,,,,,,,,,,,,,,,,
,,,,,,,,,,,,,,,,,,,,
,,,,,,,,,,,,,,,,,,,,
,,,,,,,,,,,,,,,,,,,,
,,,,,,,,,,,,,,,,,,,,
,,,,,,,,,,,,,,,,,,,,
,,,,,,,,,,,,,,,,,,,,
,,,,,,,,,,,,,,,,,,,,
,,,,,,,,,,,,,,,,,,,,
,,,,,,,,,,,,,,,,,,,,
,,,,,,,,,,,,,,,,,,,,
,,,,,,,,,,,,,,,,,,,,
,,,,,,,,,,,,,,,,,,,,
,,,,,,,,,,,,,,,,,,,,
,,,,,,,,,,,,,,,,,,,,
,,,,,,,,,,,,,,,,,,,,
,,,,,,,,,,,,,,,,,,,,
,,,,,,,,,,,,,,,,,,,,
,,,,,,,,,,,,,,,,,,,,
,,,,,,,,,,,,,,,,,,,,
,,,,,,,,,,,,,,,,,,,,
,,,,,,,,,,,,,,,,,,,,
,,,,,,,,,,,,,,,,,,,,
,,,,,,,,,,,,,,,,,,,,
,,,,,,,,,,,,,,,,,,,,
,,,,,,,,,,,,,,,,,,,,
,,,,,,,,,,,,,,,,,,,,
,,,,,,,,,,,,,,,,,,,,
,,,,,,,,,,,,,,,,,,,,
,,,,,,,,,,,,,,,,,,,,
,,,,,,,,,,,,,,,,,,,,
,,,,,,,,,,,,,,,,,,,,
,,,,,,,,,,,,,,,,,,,,
,,,,,,,,,,,,,,,,,,,,
,,,,,,,,,,,,,,,,,,,,
,,,,,,,,,,,,,,,,,,,,
,,,,,,,,,,,,,,,,,,,,
,,,,,,,,,,,,,,,,,,,,
,,,,,,,,,,,,,,,,,,,,
,,,,,,,,,,,,,,,,,,,,
,,,,,,,,,,,,,,,,,,,,
,,,,,,,,,,,,,,,,,,,,
,,,,,,,,,,,,,,,,,,,,
,,,,,,,,,,,,,,,,,,,,
,,,,,,,,,,,,,,,,,,,,
,,,,,,,,,,,,,,,,,,,,
,,,,,,,,,,,,,,,,,,,,
,,,,,,,,,,,,,,,,,,,,
,,,,,,,,,,,,,,,,,,,,
,,,,,,,,,,,,,,,,,,,,
,,,,,,,,,,,,,,,,,,,,
,,,,,,,,,,,,,,,,,,,,
,,,,,,,,,,,,,,,,,,,,
,,,,,,,,,,,,,,,,,,,,
,,,,,,,,,,,,,,,,,,,,
,,,,,,,,,,,,,,,,,,,,
,,,,,,,,,,,,,,,,,,,,
,,,,,,,,,,,,,,,,,,,,
,,,,,,,,,,,,,,,,,,,,
,,,,,,,,,,,,,,,,,,,,
,,,,,,,,,,,,,,,,,,,,
,,,,,,,,,,,,,,,,,,,,
,,,,,,,,,,,,,,,,,,,,
,,,,,,,,,,,,,,,,,,,,
,,,,,,,,,,,,,,,,,,,,
,,,,,,,,,,,,,,,,,,,,
,,,,,,,,,,,,,,,,,,,,
,,,,,,,,,,,,,,,,,,,,
,,,,,,,,,,,,,,,,,,,,
,,,,,,,,,,,,,,,,,,,,
,,,,,,,,,,,,,,,,,,,,
,,,,,,,,,,,,,,,,,,,,
,,,,,,,,,,,,,,,,,,,,
,,,,,,,,,,,,,,,,,,,,
,,,,,,,,,,,,,,,,,,,,
,,,,,,,,,,,,,,,,,,,,
,,,,,,,,,,,,,,,,,,,,
,,,,,,,,,,,,,,,,,,,,
,,,,,,,,,,,,,,,,,,,,
,,,,,,,,,,,,,,,,,,,,
,,,,,,,,,,,,,,,,,,,,
,,,,,,,,,,,,,,,,,,,,
,,,,,,,,,,,,,,,,,,,,
,,,,,,,,,,,,,,,,,,,,
,,,,,,,,,,,,,,,,,,,,
,,,,,,,,,,,,,,,,,,,,
,,,,,,,,,,,,,,,,,,,,
,,,,,,,,,,,,,,,,,,,,
,,,,,,,,,,,,,,,,,,,,
,,,,,,,,,,,,,,,,,,,,
,,,,,,,,,,,,,,,,,,,,
,,,,,,,,,,,,,,,,,,,,
,,,,,,,,,,,,,,,,,,,,
,,,,,,,,,,,,,,,,,,,,
,,,,,,,,,,,,,,,,,,,,
,,,,,,,,,,,,,,,,,,,,
,,,,,,,,,,,,,,,,,,,,
,,,,,,,,,,,,,,,,,,,,
,,,,,,,,,,,,,,,,,,,,
,,,,,,,,,,,,,,,,,,,,
,,,,,,,,,,,,,,,,,,,,
,,,,,,,,,,,,,,,,,,,,
,,,,,,,,,,,,,,,,,,,,
,,,,,,,,,,,,,,,,,,,,
,,,,,,,,,,,,,,,,,,,,
,,,,,,,,,,,,,,,,,,,,
,,,,,,,,,,,,,,,,,,,,
,,,,,,,,,,,,,,,,,,,,
,,,,,,,,,,,,,,,,,,,,
,,,,,,,,,,,,,,,,,,,,
,,,,,,,,,,,,,,,,,,,,
,,,,,,,,,,,,,,,,,,,,
,,,,,,,,,,,,,,,,,,,,
,,,,,,,,,,,,,,,,,,,,
,,,,,,,,,,,,,,,,,,,,
,,,,,,,,,,,,,,,,,,,,
,,,,,,,,,,,,,,,,,,,,
,,,,,,,,,,,,,,,,,,,,
,,,,,,,,,,,,,,,,,,,,
,,,,,,,,,,,,,,,,,,,,
,,,,,,,,,,,,,,,,,,,,
,,,,,,,,,,,,,,,,,,,,
,,,,,,,,,,,,,,,,,,,,
,,,,,,,,,,,,,,,,,,,,
,,,,,,,,,,,,,,,,,,,,
,,,,,,,,,,,,,,,,,,,,
,,,,,,,,,,,,,,,,,,,,
,,,,,,,,,,,,,,,,,,,,
,,,,,,,,,,,,,,,,,,,,
,,,,,,,,,,,,,,,,,,,,
,,,,,,,,,,,,,,,,,,,,
,,,,,,,,,,,,,,,,,,,,
,,,,,,,,,,,,,,,,,,,,
,,,,,,,,,,,,,,,,,,,,
,,,,,,,,,,,,,,,,,,,,
,,,,,,,,,,,,,,,,,,,,
,,,,,,,,,,,,,,,,,,,,
,,,,,,,,,,,,,,,,,,,,
,,,,,,,,,,,,,,,,,,,,
,,,,,,,,,,,,,,,,,,,,
,,,,,,,,,,,,,,,,,,,,
,,,,,,,,,,,,,,,,,,,,
